Workbook
Name ak: #REF!
Name ap: #REF!

Sheet summary
B2: [ oo팀 재고 현황 ]
B4: 구분 | D4: 자사물류 | F4: 날개물류 | H4: MQ물류 | J4: 볼드나인물류 | L4: SH물류
D5: 전월 | E5: 당월 | F5: 전월 | G5: 당월 | H5: 전월 | I5: 당월 | J5: 전월 | K5: 당월 | L5: 전월 | M5: 당월
B6: 정상재고 | C6: SKU | E6: =COUNTIF(자사!$J:$J,summary!$B6) -> 40 | G6: =COUNTIF(날개!$J:$J,summary!$B6) -> 40 | I6: =COUNTIF(MQ!$J:$J,summary!$B6) -> 40 | K6: =COUNTIF('대화물류(이천)'!$J:$J,summary!$B6) -> 40 | M6: =COUNTIF(SH!$J:$J,summary!$B6) -> 40
C7: 수량 | E7: =SUMIF(자사!$J:$J,summary!$B6,자사!$H:$H) -> 0 | G7: =SUMIF(날개!$J:$J,summary!$B6,날개!$H:$H) -> 0 | I7: =SUMIF(MQ!$J:$J,summary!$B6,MQ!$H:$H) -> 0 | K7: =SUMIF('대화물류(이천)'!$J:$J,summary!$B6,'대화물류(이천)'!$H:$H) -> 0 | M7: =SUMIF(SH!$J:$J,summary!$B6,SH!$H:$H) -> 0
C8: % | D8: =+D7/D$16 -> #DIV/0! | E8: =+E7/E$16 -> #DIV/0! | F8: =+F7/F$16 -> #DIV/0! | G8: =+G7/G$16 -> #DIV/0! | H8: =+H7/H$16 -> #DIV/0! | I8: =+I7/I$16 -> #DIV/0! | J8: =+J7/J$16 -> #DIV/0! | K8: =+K7/K$16 -> #DIV/0! | ... M8: =+M7/M$16 -> #DIV/0!
B9: 부진재고 | C9: SKU | E9: =COUNTIF(자사!$J:$J,summary!$B9) -> 0 | G9: =COUNTIF(날개!$J:$J,summary!$B9) -> 0 | I9: =COUNTIF(MQ!$J:$J,summary!$B9) -> 0 | K9: =COUNTIF('대화물류(이천)'!$J:$J,summary!$B9) -> 0 | M9: =COUNTIF(SH!$J:$J,summary!$B9) -> 0
C10: 수량 | E10: =SUMIF(자사!$J:$J,summary!$B9,자사!$H:$H) -> 0 | G10: =SUMIF(날개!$J:$J,summary!$B9,날개!$H:$H) -> 0 | I10: =SUMIF(MQ!$J:$J,summary!$B9,MQ!$H:$H) -> 0 | K10: =SUMIF('대화물류(이천)'!$J:$J,summary!$B9,'대화물류(이천)'!$H:$H) -> 0 | M10: =SUMIF(SH!$J:$J,summary!$B9,SH!$H:$H) -> 0
C11: % | D11: =+D10/D$16 -> #DIV/0! | E11: =+E10/E$16 -> #DIV/0! | F11: =+F10/F$16 -> #DIV/0! | G11: =+G10/G$16 -> #DIV/0! | H11: =+H10/H$16 -> #DIV/0! | I11: =+I10/I$16 -> #DIV/0! | J11: =+J10/J$16 -> #DIV/0! | K11: =+K10/K$16 -> #DIV/0! | ... M11: =+M10/M$16 -> #DIV/0!
B12: 악성재고 | C12: SKU | E12: =COUNTIF(자사!$J:$J,summary!$B12) -> 0 | G12: =COUNTIF(날개!$J:$J,summary!$B12) -> 0 | I12: =COUNTIF(MQ!$J:$J,summary!$B12) -> 0 | K12: =COUNTIF('대화물류(이천)'!$J:$J,summary!$B12) -> 0 | M12: =COUNTIF(SH!$J:$J,summary!$B12) -> 0
C13: 수량 | E13: =SUMIF(자사!$J:$J,summary!$B12,자사!$H:$H) -> 0 | G13: =SUMIF(날개!$J:$J,summary!$B12,날개!$H:$H) -> 0 | I13: =SUMIF(MQ!$J:$J,summary!$B12,MQ!$H:$H) -> 0 | K13: =SUMIF('대화물류(이천)'!$J:$J,summary!$B12,'대화물류(이천)'!$H:$H) -> 0 | M13: =SUMIF(SH!$J:$J,summary!$B12,SH!$H:$H) -> 0
C14: % | D14: =+D13/D$16 -> #DIV/0! | E14: =+E13/E$16 -> #DIV/0! | F14: =+F13/F$16 -> #DIV/0! | G14: =+G13/G$16 -> #DIV/0! | H14: =+H13/H$16 -> #DIV/0! | I14: =+I13/I$16 -> #DIV/0! | J14: =+J13/J$16 -> #DIV/0! | K14: =+K13/K$16 -> #DIV/0! | ... M14: =+M13/M$16 -> #DIV/0!
B15: 계 | C15: SKU | D15: =+D6+D9+D12 -> 0 | E15: =+E6+E9+E12 -> 40 | F15: =+F6+F9+F12 -> 0 | G15: =+G6+G9+G12 -> 40 | H15: =+H6+H9+H12 -> 0 | I15: =+I6+I9+I12 -> 40 | J15: =+J6+J9+J12 -> 0 | K15: =+K6+K9+K12 -> 40 | ... M15: =+M6+M9+M12 -> 40
C16: 수량 | D16: =+D7+D10+D13 -> 0 | E16: =+E7+E10+E13 -> 0 | F16: =+F7+F10+F13 -> 0 | G16: =+G7+G10+G13 -> 0 | H16: =+H7+H10+H13 -> 0 | I16: =+I7+I10+I13 -> 0 | J16: =+J7+J10+J13 -> 0 | K16: =+K7+K10+K13 -> 0 | ... M16: =+M7+M10+M13 -> 0
C17: % | D17: =+D8+D11+D14 -> #DIV/0! | E17: =+E8+E11+E14 -> #DIV/0! | F17: =+F8+F11+F14 -> #DIV/0! | G17: =+G8+G11+G14 -> #DIV/0! | H17: =+H8+H11+H14 -> #DIV/0! | I17: =+I8+I11+I14 -> #DIV/0! | J17: =+J8+J11+J14 -> #DIV/0! | K17: =+K8+K11+K14 -> #DIV/0! | ... M17: =+M8+M11+M14 -> #DIV/0!

Sheet 자사
B2: [oo팀 자사물류 재고 현황 ]
B4: S | C4: 품목 | D4: 품목명 | E4: 기초재고 | F4: 입고량 | G4: 출고량 | H4: 기말재고 | I4: 재고회전율 | J4: 재고등급(사업부) | K4: 재고등급(경영지원) | L4: 비고
B5: 1 | I5: =IFERROR(IF(ROUND(G5/((E5+H5)/2),1)<0,0,ROUND(G5/((E5+H5)/2),1)),0) -> 0 | J5: =IF(OR(E5=0,H5=0,I5>1),"정상재고",IF(I5<0.5,"악성재고","부진재고")) -> 정상재고 | K5: =IFERROR(VLOOKUP(C5,재고자산수불부_26.09!$B$9:$BJ$3136,61,FALSE),"")
B6: 2 | I6: =IFERROR(IF(ROUND(G6/((E6+H6)/2),1)<0,0,ROUND(G6/((E6+H6)/2),1)),0) -> 0 | J6: =IF(OR(E6=0,H6=0,I6>1),"정상재고",IF(I6<0.5,"악성재고","부진재고")) -> 정상재고 | K6: =IFERROR(VLOOKUP(C6,재고자산수불부_26.09!$B$9:$BJ$3136,61,FALSE),"")
B7: 3 | I7: =IFERROR(IF(ROUND(G7/((E7+H7)/2),1)<0,0,ROUND(G7/((E7+H7)/2),1)),0) -> 0 | J7: =IF(OR(E7=0,H7=0,I7>1),"정상재고",IF(I7<0.5,"악성재고","부진재고")) -> 정상재고 | K7: =IFERROR(VLOOKUP(C7,재고자산수불부_26.09!$B$9:$BJ$3136,61,FALSE),"")
B8: 4 | I8: =IFERROR(IF(ROUND(G8/((E8+H8)/2),1)<0,0,ROUND(G8/((E8+H8)/2),1)),0) -> 0 | J8: =IF(OR(E8=0,H8=0,I8>1),"정상재고",IF(I8<0.5,"악성재고","부진재고")) -> 정상재고 | K8: =IFERROR(VLOOKUP(C8,재고자산수불부_26.09!$B$9:$BJ$3136,61,FALSE),"")
B9: 5 | I9: =IFERROR(IF(ROUND(G9/((E9+H9)/2),1)<0,0,ROUND(G9/((E9+H9)/2),1)),0) -> 0 | J9: =IF(OR(E9=0,H9=0,I9>1),"정상재고",IF(I9<0.5,"악성재고","부진재고")) -> 정상재고 | K9: =IFERROR(VLOOKUP(C9,재고자산수불부_26.09!$B$9:$BJ$3136,61,FALSE),"")
B10: 6 | I10: =IFERROR(IF(ROUND(G10/((E10+H10)/2),1)<0,0,ROUND(G10/((E10+H10)/2),1)),0) -> 0 | J10: =IF(OR(E10=0,H10=0,I10>1),"정상재고",IF(I10<0.5,"악성재고","부진재고")) -> 정상재고 | K10: =IFERROR(VLOOKUP(C10,재고자산수불부_26.09!$B$9:$BJ$3136,61,FALSE),"")
B11: 7 | I11: =IFERROR(IF(ROUND(G11/((E11+H11)/2),1)<0,0,ROUND(G11/((E11+H11)/2),1)),0) -> 0 | J11: =IF(OR(E11=0,H11=0,I11>1),"정상재고",IF(I11<0.5,"악성재고","부진재고")) -> 정상재고 | K11: =IFERROR(VLOOKUP(C11,재고자산수불부_26.09!$B$9:$BJ$3136,61,FALSE),"")
B12: 8 | I12: =IFERROR(IF(ROUND(G12/((E12+H12)/2),1)<0,0,ROUND(G12/((E12+H12)/2),1)),0) -> 0 | J12: =IF(OR(E12=0,H12=0,I12>1),"정상재고",IF(I12<0.5,"악성재고","부진재고")) -> 정상재고 | K12: =IFERROR(VLOOKUP(C12,재고자산수불부_26.09!$B$9:$BJ$3136,61,FALSE),"")
B13: 9 | I13: =IFERROR(IF(ROUND(G13/((E13+H13)/2),1)<0,0,ROUND(G13/((E13+H13)/2),1)),0) -> 0 | J13: =IF(OR(E13=0,H13=0,I13>1),"정상재고",IF(I13<0.5,"악성재고","부진재고")) -> 정상재고 | K13: =IFERROR(VLOOKUP(C13,재고자산수불부_26.09!$B$9:$BJ$3136,61,FALSE),"")
B14: 10 | I14: =IFERROR(IF(ROUND(G14/((E14+H14)/2),1)<0,0,ROUND(G14/((E14+H14)/2),1)),0) -> 0 | J14: =IF(OR(E14=0,H14=0,I14>1),"정상재고",IF(I14<0.5,"악성재고","부진재고")) -> 정상재고 | K14: =IFERROR(VLOOKUP(C14,재고자산수불부_26.09!$B$9:$BJ$3136,61,FALSE),"")
B15: 11 | I15: =IFERROR(IF(ROUND(G15/((E15+H15)/2),1)<0,0,ROUND(G15/((E15+H15)/2),1)),0) -> 0 | J15: =IF(OR(E15=0,H15=0,I15>1),"정상재고",IF(I15<0.5,"악성재고","부진재고")) -> 정상재고 | K15: =IFERROR(VLOOKUP(C15,재고자산수불부_26.09!$B$9:$BJ$3136,61,FALSE),"")
B16: 12 | I16: =IFERROR(IF(ROUND(G16/((E16+H16)/2),1)<0,0,ROUND(G16/((E16+H16)/2),1)),0) -> 0 | J16: =IF(OR(E16=0,H16=0,I16>1),"정상재고",IF(I16<0.5,"악성재고","부진재고")) -> 정상재고 | K16: =IFERROR(VLOOKUP(C16,재고자산수불부_26.09!$B$9:$BJ$3136,61,FALSE),"")
... B44: 40 | I44: =IFERROR(IF(ROUND(G44/((E44+H44)/2),1)<0,0,ROUND(G44/((E44+H44)/2),1)),0) -> 0 | J44: =IF(OR(E44=0,H44=0,I44>1),"정상재고",IF(I44<0.5,"악성재고","부진재고")) -> 정상재고 | K44: =IFERROR(VLOOKUP(C44,재고자산수불부_26.09!$B$9:$BJ$3136,61,FALSE),"")
B45: 계 | E45: =SUM(E5:E44) -> 0 | F45: =SUM(F5:F44) -> 0 | G45: =SUM(G5:G44) -> 0 | H45: =SUM(H5:H44) -> 0 | I45: =IFERROR(IF(ROUND(G45/((E45+H45)/2),1)<0,0,ROUND(G45/((E45+H45)/2),1)),0) -> 0

Sheet 날개
B2: [ oo팀 날개물류 재고 현황 ]
B4: S | C4: 품목 | D4: 품목명 | E4: 기초재고 | F4: 입고량 | G4: 출고량 | H4: 기말재고 | I4: 재고회전율 | J4: 재고등급 | K4: 재고등급(경영지원) | L4: 비고
B5: 1 | I5: =IFERROR(IF(ROUND(G5/((E5+H5)/2),1)<0,0,ROUND(G5/((E5+H5)/2),1)),0) -> 0 | J5: =IF(OR(E5=0,H5=0,I5>1),"정상재고",IF(I5<0.5,"악성재고","부진재고")) -> 정상재고 | K5: =IFERROR(VLOOKUP(C5,재고자산수불부_26.09!$B$9:$BJ$3136,61,FALSE),"")
B6: 2 | I6: =IFERROR(IF(ROUND(G6/((E6+H6)/2),1)<0,0,ROUND(G6/((E6+H6)/2),1)),0) -> 0 | J6: =IF(OR(E6=0,H6=0,I6>1),"정상재고",IF(I6<0.5,"악성재고","부진재고")) -> 정상재고 | K6: =IFERROR(VLOOKUP(C6,재고자산수불부_26.09!$B$9:$BJ$3136,61,FALSE),"")
B7: 3 | I7: =IFERROR(IF(ROUND(G7/((E7+H7)/2),1)<0,0,ROUND(G7/((E7+H7)/2),1)),0) -> 0 | J7: =IF(OR(E7=0,H7=0,I7>1),"정상재고",IF(I7<0.5,"악성재고","부진재고")) -> 정상재고 | K7: =IFERROR(VLOOKUP(C7,재고자산수불부_26.09!$B$9:$BJ$3136,61,FALSE),"")
B8: 4 | I8: =IFERROR(IF(ROUND(G8/((E8+H8)/2),1)<0,0,ROUND(G8/((E8+H8)/2),1)),0) -> 0 | J8: =IF(OR(E8=0,H8=0,I8>1),"정상재고",IF(I8<0.5,"악성재고","부진재고")) -> 정상재고 | K8: =IFERROR(VLOOKUP(C8,재고자산수불부_26.09!$B$9:$BJ$3136,61,FALSE),"")
B9: 5 | I9: =IFERROR(IF(ROUND(G9/((E9+H9)/2),1)<0,0,ROUND(G9/((E9+H9)/2),1)),0) -> 0 | J9: =IF(OR(E9=0,H9=0,I9>1),"정상재고",IF(I9<0.5,"악성재고","부진재고")) -> 정상재고 | K9: =IFERROR(VLOOKUP(C9,재고자산수불부_26.09!$B$9:$BJ$3136,61,FALSE),"")
B10: 6 | I10: =IFERROR(IF(ROUND(G10/((E10+H10)/2),1)<0,0,ROUND(G10/((E10+H10)/2),1)),0) -> 0 | J10: =IF(OR(E10=0,H10=0,I10>1),"정상재고",IF(I10<0.5,"악성재고","부진재고")) -> 정상재고 | K10: =IFERROR(VLOOKUP(C10,재고자산수불부_26.09!$B$9:$BJ$3136,61,FALSE),"")
B11: 7 | I11: =IFERROR(IF(ROUND(G11/((E11+H11)/2),1)<0,0,ROUND(G11/((E11+H11)/2),1)),0) -> 0 | J11: =IF(OR(E11=0,H11=0,I11>1),"정상재고",IF(I11<0.5,"악성재고","부진재고")) -> 정상재고 | K11: =IFERROR(VLOOKUP(C11,재고자산수불부_26.09!$B$9:$BJ$3136,61,FALSE),"")
B12: 8 | I12: =IFERROR(IF(ROUND(G12/((E12+H12)/2),1)<0,0,ROUND(G12/((E12+H12)/2),1)),0) -> 0 | J12: =IF(OR(E12=0,H12=0,I12>1),"정상재고",IF(I12<0.5,"악성재고","부진재고")) -> 정상재고 | K12: =IFERROR(VLOOKUP(C12,재고자산수불부_26.09!$B$9:$BJ$3136,61,FALSE),"")
B13: 9 | I13: =IFERROR(IF(ROUND(G13/((E13+H13)/2),1)<0,0,ROUND(G13/((E13+H13)/2),1)),0) -> 0 | J13: =IF(OR(E13=0,H13=0,I13>1),"정상재고",IF(I13<0.5,"악성재고","부진재고")) -> 정상재고 | K13: =IFERROR(VLOOKUP(C13,재고자산수불부_26.09!$B$9:$BJ$3136,61,FALSE),"")
B14: 10 | I14: =IFERROR(IF(ROUND(G14/((E14+H14)/2),1)<0,0,ROUND(G14/((E14+H14)/2),1)),0) -> 0 | J14: =IF(OR(E14=0,H14=0,I14>1),"정상재고",IF(I14<0.5,"악성재고","부진재고")) -> 정상재고 | K14: =IFERROR(VLOOKUP(C14,재고자산수불부_26.09!$B$9:$BJ$3136,61,FALSE),"")
B15: 11 | I15: =IFERROR(IF(ROUND(G15/((E15+H15)/2),1)<0,0,ROUND(G15/((E15+H15)/2),1)),0) -> 0 | J15: =IF(OR(E15=0,H15=0,I15>1),"정상재고",IF(I15<0.5,"악성재고","부진재고")) -> 정상재고 | K15: =IFERROR(VLOOKUP(C15,재고자산수불부_26.09!$B$9:$BJ$3136,61,FALSE),"")
B16: 12 | I16: =IFERROR(IF(ROUND(G16/((E16+H16)/2),1)<0,0,ROUND(G16/((E16+H16)/2),1)),0) -> 0 | J16: =IF(OR(E16=0,H16=0,I16>1),"정상재고",IF(I16<0.5,"악성재고","부진재고")) -> 정상재고 | K16: =IFERROR(VLOOKUP(C16,재고자산수불부_26.09!$B$9:$BJ$3136,61,FALSE),"")
... B44: 40 | I44: =IFERROR(IF(ROUND(G44/((E44+H44)/2),1)<0,0,ROUND(G44/((E44+H44)/2),1)),0) -> 0 | J44: =IF(OR(E44=0,H44=0,I44>1),"정상재고",IF(I44<0.5,"악성재고","부진재고")) -> 정상재고 | K44: =IFERROR(VLOOKUP(C44,재고자산수불부_26.09!$B$9:$BJ$3136,61,FALSE),"")
B45: 계 | E45: =SUM(E5:E44) -> 0 | F45: =SUM(F5:F44) -> 0 | G45: =SUM(G5:G44) -> 0 | H45: =SUM(H5:H44) -> 0 | I45: =IFERROR(IF(ROUND(G45/((E45+H45)/2),1)<0,0,ROUND(G45/((E45+H45)/2),1)),0) -> 0

Sheet MQ
B2: [ oo팀 MQ 재고 현황 ]
B4: S | C4: 품목 | D4: 품목명 | E4: 기초재고 | F4: 입고량 | G4: 출고량 | H4: 기말재고 | I4: 재고회전율 | J4: 재고등급 | K4: 재고등급(경영지원) | L4: 비고
B5: 1 | I5: =IFERROR(IF(ROUND(G5/((E5+H5)/2),1)<0,0,ROUND(G5/((E5+H5)/2),1)),0) -> 0 | J5: =IF(OR(E5=0,H5=0,I5>1),"정상재고",IF(I5<0.5,"악성재고","부진재고")) -> 정상재고 | K5: =IFERROR(VLOOKUP(C5,재고자산수불부_26.09!$B$9:$BJ$3136,61,FALSE),"")
B6: 2 | I6: =IFERROR(IF(ROUND(G6/((E6+H6)/2),1)<0,0,ROUND(G6/((E6+H6)/2),1)),0) -> 0 | J6: =IF(OR(E6=0,H6=0,I6>1),"정상재고",IF(I6<0.5,"악성재고","부진재고")) -> 정상재고 | K6: =IFERROR(VLOOKUP(C6,재고자산수불부_26.09!$B$9:$BJ$3136,61,FALSE),"")
B7: 3 | I7: =IFERROR(IF(ROUND(G7/((E7+H7)/2),1)<0,0,ROUND(G7/((E7+H7)/2),1)),0) -> 0 | J7: =IF(OR(E7=0,H7=0,I7>1),"정상재고",IF(I7<0.5,"악성재고","부진재고")) -> 정상재고 | K7: =IFERROR(VLOOKUP(C7,재고자산수불부_26.09!$B$9:$BJ$3136,61,FALSE),"")
B8: 4 | I8: =IFERROR(IF(ROUND(G8/((E8+H8)/2),1)<0,0,ROUND(G8/((E8+H8)/2),1)),0) -> 0 | J8: =IF(OR(E8=0,H8=0,I8>1),"정상재고",IF(I8<0.5,"악성재고","부진재고")) -> 정상재고 | K8: =IFERROR(VLOOKUP(C8,재고자산수불부_26.09!$B$9:$BJ$3136,61,FALSE),"")
B9: 5 | I9: =IFERROR(IF(ROUND(G9/((E9+H9)/2),1)<0,0,ROUND(G9/((E9+H9)/2),1)),0) -> 0 | J9: =IF(OR(E9=0,H9=0,I9>1),"정상재고",IF(I9<0.5,"악성재고","부진재고")) -> 정상재고 | K9: =IFERROR(VLOOKUP(C9,재고자산수불부_26.09!$B$9:$BJ$3136,61,FALSE),"")
B10: 6 | I10: =IFERROR(IF(ROUND(G10/((E10+H10)/2),1)<0,0,ROUND(G10/((E10+H10)/2),1)),0) -> 0 | J10: =IF(OR(E10=0,H10=0,I10>1),"정상재고",IF(I10<0.5,"악성재고","부진재고")) -> 정상재고 | K10: =IFERROR(VLOOKUP(C10,재고자산수불부_26.09!$B$9:$BJ$3136,61,FALSE),"")
B11: 7 | I11: =IFERROR(IF(ROUND(G11/((E11+H11)/2),1)<0,0,ROUND(G11/((E11+H11)/2),1)),0) -> 0 | J11: =IF(OR(E11=0,H11=0,I11>1),"정상재고",IF(I11<0.5,"악성재고","부진재고")) -> 정상재고 | K11: =IFERROR(VLOOKUP(C11,재고자산수불부_26.09!$B$9:$BJ$3136,61,FALSE),"")
B12: 8 | I12: =IFERROR(IF(ROUND(G12/((E12+H12)/2),1)<0,0,ROUND(G12/((E12+H12)/2),1)),0) -> 0 | J12: =IF(OR(E12=0,H12=0,I12>1),"정상재고",IF(I12<0.5,"악성재고","부진재고")) -> 정상재고 | K12: =IFERROR(VLOOKUP(C12,재고자산수불부_26.09!$B$9:$BJ$3136,61,FALSE),"")
B13: 9 | I13: =IFERROR(IF(ROUND(G13/((E13+H13)/2),1)<0,0,ROUND(G13/((E13+H13)/2),1)),0) -> 0 | J13: =IF(OR(E13=0,H13=0,I13>1),"정상재고",IF(I13<0.5,"악성재고","부진재고")) -> 정상재고 | K13: =IFERROR(VLOOKUP(C13,재고자산수불부_26.09!$B$9:$BJ$3136,61,FALSE),"")
B14: 10 | I14: =IFERROR(IF(ROUND(G14/((E14+H14)/2),1)<0,0,ROUND(G14/((E14+H14)/2),1)),0) -> 0 | J14: =IF(OR(E14=0,H14=0,I14>1),"정상재고",IF(I14<0.5,"악성재고","부진재고")) -> 정상재고 | K14: =IFERROR(VLOOKUP(C14,재고자산수불부_26.09!$B$9:$BJ$3136,61,FALSE),"")
B15: 11 | I15: =IFERROR(IF(ROUND(G15/((E15+H15)/2),1)<0,0,ROUND(G15/((E15+H15)/2),1)),0) -> 0 | J15: =IF(OR(E15=0,H15=0,I15>1),"정상재고",IF(I15<0.5,"악성재고","부진재고")) -> 정상재고 | K15: =IFERROR(VLOOKUP(C15,재고자산수불부_26.09!$B$9:$BJ$3136,61,FALSE),"")
B16: 12 | I16: =IFERROR(IF(ROUND(G16/((E16+H16)/2),1)<0,0,ROUND(G16/((E16+H16)/2),1)),0) -> 0 | J16: =IF(OR(E16=0,H16=0,I16>1),"정상재고",IF(I16<0.5,"악성재고","부진재고")) -> 정상재고 | K16: =IFERROR(VLOOKUP(C16,재고자산수불부_26.09!$B$9:$BJ$3136,61,FALSE),"")
... B44: 40 | I44: =IFERROR(IF(ROUND(G44/((E44+H44)/2),1)<0,0,ROUND(G44/((E44+H44)/2),1)),0) -> 0 | J44: =IF(OR(E44=0,H44=0,I44>1),"정상재고",IF(I44<0.5,"악성재고","부진재고")) -> 정상재고 | K44: =IFERROR(VLOOKUP(C44,재고자산수불부_26.09!$B$9:$BJ$3136,61,FALSE),"")
B45: 계 | E45: =SUM(E5:E44) -> 0 | F45: =SUM(F5:F44) -> 0 | G45: =SUM(G5:G44) -> 0 | H45: =SUM(H5:H44) -> 0 | I45: =IFERROR(IF(ROUND(G45/((E45+H45)/2),1)<0,0,ROUND(G45/((E45+H45)/2),1)),0) -> 0

Sheet 대화물류(이천)
B2: [ oo팀 대화물류(이천) 재고 현황 ]
B4: S | C4: 품목 | D4: 품목명 | E4: 기초재고 | F4: 입고량 | G4: 출고량 | H4: 기말재고 | I4: 재고회전율 | J4: 재고등급 | K4: 재고등급(경영지원) | L4: 비고
B5: 1 | I5: =IFERROR(IF(ROUND(G5/((E5+H5)/2),1)<0,0,ROUND(G5/((E5+H5)/2),1)),0) -> 0 | J5: =IF(OR(E5=0,H5=0,I5>1),"정상재고",IF(I5<0.5,"악성재고","부진재고")) -> 정상재고 | K5: =IFERROR(VLOOKUP(C5,재고자산수불부_26.09!$B$9:$BJ$3136,61,FALSE),"")
B6: 2 | I6: =IFERROR(IF(ROUND(G6/((E6+H6)/2),1)<0,0,ROUND(G6/((E6+H6)/2),1)),0) -> 0 | J6: =IF(OR(E6=0,H6=0,I6>1),"정상재고",IF(I6<0.5,"악성재고","부진재고")) -> 정상재고 | K6: =IFERROR(VLOOKUP(C6,재고자산수불부_26.09!$B$9:$BJ$3136,61,FALSE),"")
B7: 3 | I7: =IFERROR(IF(ROUND(G7/((E7+H7)/2),1)<0,0,ROUND(G7/((E7+H7)/2),1)),0) -> 0 | J7: =IF(OR(E7=0,H7=0,I7>1),"정상재고",IF(I7<0.5,"악성재고","부진재고")) -> 정상재고 | K7: =IFERROR(VLOOKUP(C7,재고자산수불부_26.09!$B$9:$BJ$3136,61,FALSE),"")
B8: 4 | I8: =IFERROR(IF(ROUND(G8/((E8+H8)/2),1)<0,0,ROUND(G8/((E8+H8)/2),1)),0) -> 0 | J8: =IF(OR(E8=0,H8=0,I8>1),"정상재고",IF(I8<0.5,"악성재고","부진재고")) -> 정상재고 | K8: =IFERROR(VLOOKUP(C8,재고자산수불부_26.09!$B$9:$BJ$3136,61,FALSE),"")
B9: 5 | I9: =IFERROR(IF(ROUND(G9/((E9+H9)/2),1)<0,0,ROUND(G9/((E9+H9)/2),1)),0) -> 0 | J9: =IF(OR(E9=0,H9=0,I9>1),"정상재고",IF(I9<0.5,"악성재고","부진재고")) -> 정상재고 | K9: =IFERROR(VLOOKUP(C9,재고자산수불부_26.09!$B$9:$BJ$3136,61,FALSE),"")
B10: 6 | I10: =IFERROR(IF(ROUND(G10/((E10+H10)/2),1)<0,0,ROUND(G10/((E10+H10)/2),1)),0) -> 0 | J10: =IF(OR(E10=0,H10=0,I10>1),"정상재고",IF(I10<0.5,"악성재고","부진재고")) -> 정상재고 | K10: =IFERROR(VLOOKUP(C10,재고자산수불부_26.09!$B$9:$BJ$3136,61,FALSE),"")
B11: 7 | I11: =IFERROR(IF(ROUND(G11/((E11+H11)/2),1)<0,0,ROUND(G11/((E11+H11)/2),1)),0) -> 0 | J11: =IF(OR(E11=0,H11=0,I11>1),"정상재고",IF(I11<0.5,"악성재고","부진재고")) -> 정상재고 | K11: =IFERROR(VLOOKUP(C11,재고자산수불부_26.09!$B$9:$BJ$3136,61,FALSE),"")
B12: 8 | I12: =IFERROR(IF(ROUND(G12/((E12+H12)/2),1)<0,0,ROUND(G12/((E12+H12)/2),1)),0) -> 0 | J12: =IF(OR(E12=0,H12=0,I12>1),"정상재고",IF(I12<0.5,"악성재고","부진재고")) -> 정상재고 | K12: =IFERROR(VLOOKUP(C12,재고자산수불부_26.09!$B$9:$BJ$3136,61,FALSE),"")
B13: 9 | I13: =IFERROR(IF(ROUND(G13/((E13+H13)/2),1)<0,0,ROUND(G13/((E13+H13)/2),1)),0) -> 0 | J13: =IF(OR(E13=0,H13=0,I13>1),"정상재고",IF(I13<0.5,"악성재고","부진재고")) -> 정상재고 | K13: =IFERROR(VLOOKUP(C13,재고자산수불부_26.09!$B$9:$BJ$3136,61,FALSE),"")
B14: 10 | I14: =IFERROR(IF(ROUND(G14/((E14+H14)/2),1)<0,0,ROUND(G14/((E14+H14)/2),1)),0) -> 0 | J14: =IF(OR(E14=0,H14=0,I14>1),"정상재고",IF(I14<0.5,"악성재고","부진재고")) -> 정상재고 | K14: =IFERROR(VLOOKUP(C14,재고자산수불부_26.09!$B$9:$BJ$3136,61,FALSE),"")
B15: 11 | I15: =IFERROR(IF(ROUND(G15/((E15+H15)/2),1)<0,0,ROUND(G15/((E15+H15)/2),1)),0) -> 0 | J15: =IF(OR(E15=0,H15=0,I15>1),"정상재고",IF(I15<0.5,"악성재고","부진재고")) -> 정상재고 | K15: =IFERROR(VLOOKUP(C15,재고자산수불부_26.09!$B$9:$BJ$3136,61,FALSE),"")
B16: 12 | I16: =IFERROR(IF(ROUND(G16/((E16+H16)/2),1)<0,0,ROUND(G16/((E16+H16)/2),1)),0) -> 0 | J16: =IF(OR(E16=0,H16=0,I16>1),"정상재고",IF(I16<0.5,"악성재고","부진재고")) -> 정상재고 | K16: =IFERROR(VLOOKUP(C16,재고자산수불부_26.09!$B$9:$BJ$3136,61,FALSE),"")
... B44: 40 | I44: =IFERROR(IF(ROUND(G44/((E44+H44)/2),1)<0,0,ROUND(G44/((E44+H44)/2),1)),0) -> 0 | J44: =IF(OR(E44=0,H44=0,I44>1),"정상재고",IF(I44<0.5,"악성재고","부진재고")) -> 정상재고 | K44: =IFERROR(VLOOKUP(C44,재고자산수불부_26.09!$B$9:$BJ$3136,61,FALSE),"")
B45: 계 | E45: =SUM(E5:E44) -> 0 | F45: =SUM(F5:F44) -> 0 | G45: =SUM(G5:G44) -> 0 | H45: =SUM(H5:H44) -> 0 | I45: =IFERROR(IF(ROUND(G45/((E45+H45)/2),1)<0,0,ROUND(G45/((E45+H45)/2),1)),0) -> 0

Sheet SH
B2: [ oo팀 SH물류 재고 현황 ]
B4: S | C4: 품목 | D4: 품목명 | E4: 기초재고 | F4: 입고량 | G4: 출고량 | H4: 기말재고 | I4: 재고회전율 | J4: 재고등급 | K4: 재고등급(경영지원) | L4: 비고
B5: 1 | I5: =IFERROR(IF(ROUND(G5/((E5+H5)/2),1)<0,0,ROUND(G5/((E5+H5)/2),1)),0) -> 0 | J5: =IF(OR(E5=0,H5=0,I5>1),"정상재고",IF(I5<0.5,"악성재고","부진재고")) -> 정상재고 | K5: =IFERROR(VLOOKUP(C5,재고자산수불부_26.09!$B$9:$BJ$3136,61,FALSE),"")
B6: 2 | I6: =IFERROR(IF(ROUND(G6/((E6+H6)/2),1)<0,0,ROUND(G6/((E6+H6)/2),1)),0) -> 0 | J6: =IF(OR(E6=0,H6=0,I6>1),"정상재고",IF(I6<0.5,"악성재고","부진재고")) -> 정상재고 | K6: =IFERROR(VLOOKUP(C6,재고자산수불부_26.09!$B$9:$BJ$3136,61,FALSE),"")
B7: 3 | I7: =IFERROR(IF(ROUND(G7/((E7+H7)/2),1)<0,0,ROUND(G7/((E7+H7)/2),1)),0) -> 0 | J7: =IF(OR(E7=0,H7=0,I7>1),"정상재고",IF(I7<0.5,"악성재고","부진재고")) -> 정상재고 | K7: =IFERROR(VLOOKUP(C7,재고자산수불부_26.09!$B$9:$BJ$3136,61,FALSE),"")
B8: 4 | I8: =IFERROR(IF(ROUND(G8/((E8+H8)/2),1)<0,0,ROUND(G8/((E8+H8)/2),1)),0) -> 0 | J8: =IF(OR(E8=0,H8=0,I8>1),"정상재고",IF(I8<0.5,"악성재고","부진재고")) -> 정상재고 | K8: =IFERROR(VLOOKUP(C8,재고자산수불부_26.09!$B$9:$BJ$3136,61,FALSE),"")
B9: 5 | I9: =IFERROR(IF(ROUND(G9/((E9+H9)/2),1)<0,0,ROUND(G9/((E9+H9)/2),1)),0) -> 0 | J9: =IF(OR(E9=0,H9=0,I9>1),"정상재고",IF(I9<0.5,"악성재고","부진재고")) -> 정상재고 | K9: =IFERROR(VLOOKUP(C9,재고자산수불부_26.09!$B$9:$BJ$3136,61,FALSE),"")
B10: 6 | I10: =IFERROR(IF(ROUND(G10/((E10+H10)/2),1)<0,0,ROUND(G10/((E10+H10)/2),1)),0) -> 0 | J10: =IF(OR(E10=0,H10=0,I10>1),"정상재고",IF(I10<0.5,"악성재고","부진재고")) -> 정상재고 | K10: =IFERROR(VLOOKUP(C10,재고자산수불부_26.09!$B$9:$BJ$3136,61,FALSE),"")
B11: 7 | I11: =IFERROR(IF(ROUND(G11/((E11+H11)/2),1)<0,0,ROUND(G11/((E11+H11)/2),1)),0) -> 0 | J11: =IF(OR(E11=0,H11=0,I11>1),"정상재고",IF(I11<0.5,"악성재고","부진재고")) -> 정상재고 | K11: =IFERROR(VLOOKUP(C11,재고자산수불부_26.09!$B$9:$BJ$3136,61,FALSE),"")
B12: 8 | I12: =IFERROR(IF(ROUND(G12/((E12+H12)/2),1)<0,0,ROUND(G12/((E12+H12)/2),1)),0) -> 0 | J12: =IF(OR(E12=0,H12=0,I12>1),"정상재고",IF(I12<0.5,"악성재고","부진재고")) -> 정상재고 | K12: =IFERROR(VLOOKUP(C12,재고자산수불부_26.09!$B$9:$BJ$3136,61,FALSE),"")
B13: 9 | I13: =IFERROR(IF(ROUND(G13/((E13+H13)/2),1)<0,0,ROUND(G13/((E13+H13)/2),1)),0) -> 0 | J13: =IF(OR(E13=0,H13=0,I13>1),"정상재고",IF(I13<0.5,"악성재고","부진재고")) -> 정상재고 | K13: =IFERROR(VLOOKUP(C13,재고자산수불부_26.09!$B$9:$BJ$3136,61,FALSE),"")
B14: 10 | I14: =IFERROR(IF(ROUND(G14/((E14+H14)/2),1)<0,0,ROUND(G14/((E14+H14)/2),1)),0) -> 0 | J14: =IF(OR(E14=0,H14=0,I14>1),"정상재고",IF(I14<0.5,"악성재고","부진재고")) -> 정상재고 | K14: =IFERROR(VLOOKUP(C14,재고자산수불부_26.09!$B$9:$BJ$3136,61,FALSE),"")
B15: 11 | I15: =IFERROR(IF(ROUND(G15/((E15+H15)/2),1)<0,0,ROUND(G15/((E15+H15)/2),1)),0) -> 0 | J15: =IF(OR(E15=0,H15=0,I15>1),"정상재고",IF(I15<0.5,"악성재고","부진재고")) -> 정상재고 | K15: =IFERROR(VLOOKUP(C15,재고자산수불부_26.09!$B$9:$BJ$3136,61,FALSE),"")
B16: 12 | I16: =IFERROR(IF(ROUND(G16/((E16+H16)/2),1)<0,0,ROUND(G16/((E16+H16)/2),1)),0) -> 0 | J16: =IF(OR(E16=0,H16=0,I16>1),"정상재고",IF(I16<0.5,"악성재고","부진재고")) -> 정상재고 | K16: =IFERROR(VLOOKUP(C16,재고자산수불부_26.09!$B$9:$BJ$3136,61,FALSE),"")
... B44: 40 | I44: =IFERROR(IF(ROUND(G44/((E44+H44)/2),1)<0,0,ROUND(G44/((E44+H44)/2),1)),0) -> 0 | J44: =IF(OR(E44=0,H44=0,I44>1),"정상재고",IF(I44<0.5,"악성재고","부진재고")) -> 정상재고 | K44: =IFERROR(VLOOKUP(C44,재고자산수불부_26.09!$B$9:$BJ$3136,61,FALSE),"")
B45: 계 | E45: =SUM(E5:E44) -> 0 | F45: =SUM(F5:F44) -> 0 | G45: =SUM(G5:G44) -> 0 | H45: =SUM(H5:H44) -> 0 | I45: =IFERROR(IF(ROUND(G45/((E45+H45)/2),1)<0,0,ROUND(G45/((E45+H45)/2),1)),0) -> 0

Sheet 재고자산수불부_26.09
A1: 재 고 자 산 수 불 부 (2025년 04월 ~ 2026년 09월 현재) | AP1: 8429476789
A4: 제품 | D4: =D2012 -> 2489739 | E4: =E2012 -> 4858686 | F4: =F2012 -> 8429476789 | G4: =G2012 -> 347759946 | H4: =H2012 -> 3108856.2 | I4: =I2012 -> 127887588125 | J4: =J2012 -> 3949753 | K4: =K2012 -> 1122291.5 | ... V4: =V2012 -> 347118815 | X4: =X2012 -> 133134874013 | Y4: =Y2012 -> 300 | Z4: =Z2012 -> 4451.0933 | AA4: =AA2012 -> 1335328 | AB4: =AB2012 -> 6737811 | AD4: =AD2012 -> 1374451605 | AE4: =AE2012 -> 0 | AG4: =AG2012 -> 0 | AH4: =AH2012 -> 353856926 | AI4: =AI2012 -> 7196136.9 | AJ4: =AJ2012 -> 134510660946 | AK4: =AK2012 -> 6364531 | AL4: =AL2012 -> 5157603.5 | AM4: =AM2012 -> 10567013150 | AN4: =AM4+AJ4-U4-F4 -> 0 | AV4: =+ROUNDDOWN(AV5-AU6,-3) -> 0
A5: 상품 | D5: =D3136 -> 373786 | E5: =E3136 -> 0 | F5: =F3136 -> 1715031696 | G5: =G3136 -> 10229067 | H5: =H3136 -> 0 | I5: =I3136 -> 6188922728 | J5: =J3136 -> 0 | K5: =K3136 -> 0 | ... AM5: =AM3136 -> 2740500491 | AN5: =AM5+AJ5-U5-F5 -> 0 | AU5: =AM6-AU6 -> 0 | AV5: =+SUM(AV6:AZ6) -> 1.3307514e+10 | BG5: =AK6-BG6 -> 0 | KUS5: 52335
A6: 합 계 | D6: =SUM(D4:D5) -> 2863525 | E6: =SUM(E4:E5) -> 4858686 | F6: =SUM(F4:F5) -> 10144508485 | G6: =SUM(G4:G5) -> 357989013 | H6: =SUM(H4:H5) -> 3108856.2 | I6: =SUM(I4:I5) -> 134076510853 | J6: =SUM(J4:J5) -> 3949753 | K6: =SUM(K4:K5) -> 1122291.5 | ... AB6: =SUM(AB4:AB5) -> 15282365 | AC6: =SUBTOTAL(9,AC4:AC5) -> 0 | AD6: =SUM(AD4:AD5) -> 2330257876 | AE6: =SUM(AE4:AE5) -> 0 | AF6: =SUBTOTAL(9,AF4:AF5) -> 0 | AG6: =SUM(AG4:AG5) -> 0 | AH6: =SUM(AH4:AH5) -> 363842112 | AI6: =SUM(AI4:AI5) -> 7196136.9 | AJ6: =SUM(AJ4:AJ5) -> 139702871358 | AK6: =SUM(AK4:AK5) -> 6988255 | AL6: =SUM(AL4:AL5) -> 5157603.5 | AM6: =SUM(AM4:AM5) -> 13307513641 | AN6: =AM6+AJ6-U6-F6 -> 0 | AR6: =SUM(AR10:AR3136) -> 468226453 | AS6: =SUM(AS10:AS3136) -> 1994848735 | AT6: =SUM(AT10:AT3136) -> 10844438453 | AU6: =SUM(AU10:AU3136) -> 13307513641 | AV6: =SUM(AV10:AV3136) -> 1.2340393e+10 | AW6: =SUM(AW10:AW3136) -> 8.3268881e+08 | AX6: =SUM(AX10:AX3136) -> 8467073.5 | AY6: =SUM(AY10:AY3136) -> 1.2596465e+08 | AZ6: =SUM(AZ10:AZ3135) -> 0 | BB6: =SUM(BB10:BB3136) -> 4316976 | BC6: =SUM(BC10:BC3136) -> 2649289 | BD6: =SUM(BD10:BD3136) -> 1275 | BE6: =SUM(BE10:BE3136) -> 20715 | BF6: =SUM(BF10:BF3136) -> 0 | BG6: =SUM(BG10:BG3136) -> 6988255 | KUS6: 4726
A7: 품목계정 | D7: 기초재고 | G7: 입고 | H7: 입고 | I7: 입고 | J7: 입고 | K7: 입고 | L7: 입고 | M7: 입고 | N7: 입고 | O7: 입고 | S7: 입고 | T7: 입고 | U7: 입고 | V7: 출고 | W7: 출고 | X7: 출고 | Y7: 출고 | Z7: 출고 | AA7: 출고 | AE7: 출고 | AF7: 출고 | AG7: 출고 | AH7: 출고 | AI7: 출고 | AJ7: 출고 | AK7: 기말재고 | KUS7: =KUS5/KUS6 -> 11.073847 | KUT7: 3545 | KUU7: =KUS7*KUT7 -> 39256.787 | KUV7: =KUS5-KUU7 -> 13078.213
G8: 구매 | H8: 구매 | I8: 구매 | J8: 외주 | K8: 외주 | L8: 외주 | M8: 대체 | N8: 대체 | O8: 대체 | P8: 기타 | Q8: 대체 | R8: 대체 | S8: =15067013555/1000000 -> 15067.014 | T8: 합계 | U8: 합계 | V8: 매출 | W8: 매출 | X8: 매출 | Y8: 외주 | Z8: 외주 | AA8: 외주 | AB8: 대체 | AC8: 대체 | AD8: 대체 | AE8: 기타 | AF8: 대체 | AG8: 대체 | AH8: 합계 | AI8: 합계 | AJ8: 합계 | AR8: 재고금액 | AV8: 부서별 재고금액 | BB8: 부서별 수량
A9: 품목계정 | B9: 품목 | C9: 품목명 | D9: 수량 | E9: 단가 | F9: 금액 | G9: 수량 | H9: 단가 | I9: 금액 | J9: 수량 | K9: 단가 | L9: 금액 | M9: 수량 | N9: 단가 | O9: 금액 | P9: 수량 | Q9: 단가 | R9: 금액 | S9: 수량 | T9: 단가 | U9: 금액 | V9: 수량 | W9: 단가 | X9: 금액 | Y9: 수량 | Z9: 단가 | AA9: 금액 | AB9: 수량 | AC9: 단가 | AD9: 대체 | AE9: 수량 | AF9: 단가 | AG9: 대체 | AH9: 수량 | AI9: 단가 | AJ9: 금액 | AK9: 수량 | AL9: 단가 | AM9: 금액 | AN9: 비중 | AO9: 비율 | AP9: 구분1 | AQ9: 구분2 | AR9: 악성 | AS9: 부진 | AT9: 정상 | AU9: 합 계 | AV9: 영업본부 | AW9: 에프앤비본부 | AX9: 라이선스본부 | AY9: 미디어본부 | AZ9: MD개발본부 | BA9: 합 계 | BB9: 영업본부 | BC9: 에프앤비본부 | BD9: 라이선스본부 | BE9: 미디어본부 | BF9: MD개발본부 | BG9: 합 계 | BH9: 1 | BI9: 재고회전율 | BJ9: 구분 | BK9: 최종입고일 | BL9: 46295
A10: 제품 | B10: DCP123001 | C10: 데코데코 말캉말캉 종이 스퀴시 문구점 (구간) | D10: 490 | E10: 3278.9853 | F10: 1606702 | G10: 0 | H10: 0 | I10: 0 | J10: 6000 | K10: 3295.71 | L10: 19774260 | M10: 21 | N10: 156.85714 | O10: 3294 | P10: 0 | Q10: 0 | R10: 0 | S10: 6021 | T10: 3284.7623 | U10: 19777554 | V10: 4573 | W10: 3288.1537 | X10: 15036727 | Y10: 0 | Z10: 0 | AA10: 0 | AB10: 81 | AC10: 3286.1235 | AD10: 266176 | AE10: 0 | AF10: 0 | AG10: 0 | AH10: 4654 | AI10: 3288.1184 | AJ10: 15302903 | AK10: 1857 | AL10: 3274.8271 | AM10: 6081353 | AN10: =AM10/$AM$4 -> 0.0005755035 | AO10: =IF(ISERROR(AK10/(D10+S10)),,(AK10/(D10+S10))) -> 0.28520965 | AP10: 정상 | AQ10: =A10 -> 제품 | AR10: =IF($AP10="악성",$AM10,0) -> 0 | AS10: =IF($AP10="부진",$AM10,0) -> 0 | AT10: =IF($AP10="정상",$AM10,0) -> 6081353 | AU10: =SUM(AR10:AT10) -> 6081353 | AV10: =IF(+BB10*$AL10=0,"",+BB10*$AL10) -> 6081353.9 | AW10: =IF(+BC10*$AL10=0,"",+BC10*$AL10) | AX10: =IF(+BD10*$AL10=0,"",+BD10*$AL10) | AY10: =IF(+BE10*$AL10=0,"",+BE10*$AL10) | AZ10: =IF(+BF10*$AL10=0,"",+BF10*$AL10) | BB10: 1857 | BC10: 0 | BD10: 0 | BE10: 0 | BF10: 0 | BG10: =+SUM(BB10:BF10) -> 1857 | BH10: =BG10-AK10 -> 0 | BI10: =IFERROR(IF(ROUND(V10/((D10+AK10)/2),1)<0,0,ROUND(V10/((D10+AK10)/2),1)),0) -> 3.9 | BJ10: =IF(AK10=0,"정상",IF(AP10="악성","악성",IF(AND(BL10>3,BI10<0.5),"악성",IF(AND(AP10="정상",BL10<=3),"정상",IF(BI10>1,"정상","부진"))))) -> 정상 | BK10: 44958 | BL10: =DATEDIF(BK10,$BL$9,"m")+1 -> 44
A11: 제품 | B11: DCP123002 | C11: 데코데코 말캉말캉 슬라임 스퀴시 (구간) | D11: 402 | E11: 5682.6636 | F11: 2284430 | G11: 0 | H11: 0 | I11: 0 | J11: 4790 | K11: 5813.1152 | L11: 27844822 | M11: 0 | N11: 0 | O11: 0 | P11: 0 | Q11: 0 | R11: 0 | S11: 4790 | T11: 5813.1152 | U11: 27844822 | V11: 4370 | W11: 5801.6043 | X11: 25353011 | Y11: 0 | Z11: 0 | AA11: 0 | AB11: 18 | AC11: 5799.0556 | AD11: 104383 | AE11: 0 | AF11: 0 | AG11: 0 | AH11: 4388 | AI11: 5801.5939 | AJ11: 25457394 | AK11: 804 | AL11: 5810.7701 | AM11: 4671858 | AN11: =AM11/$AM$4 -> 0.00044211717 | AO11: =IF(ISERROR(AK11/(D11+S11)),,(AK11/(D11+S11))) -> 0.15485362 | AP11: 정상 | AQ11: =A11 -> 제품 | AR11: =IF($AP11="악성",$AM11,0) -> 0 | AS11: =IF($AP11="부진",$AM11,0) -> 0 | AT11: =IF($AP11="정상",$AM11,0) -> 4671858 | AU11: =SUM(AR11:AT11) -> 4671858 | AV11: =IF(+BB11*$AL11=0,"",+BB11*$AL11) -> 4671859.2 | AW11: =IF(+BC11*$AL11=0,"",+BC11*$AL11) | AX11: =IF(+BD11*$AL11=0,"",+BD11*$AL11) | AY11: =IF(+BE11*$AL11=0,"",+BE11*$AL11) | AZ11: =IF(+BF11*$AL11=0,"",+BF11*$AL11) | BB11: 804 | BC11: 0 | BD11: 0 | BE11: 0 | BF11: 0 | BG11: =+SUM(BB11:BF11) -> 804 | BH11: =BG11-AK11 -> 0 | BI11: =IFERROR(IF(ROUND(V11/((D11+AK11)/2),1)<0,0,ROUND(V11/((D11+AK11)/2),1)),0) -> 7.2 | BJ11: =IF(AK11=0,"정상",IF(AP11="악성","악성",IF(AND(BL11>3,BI11<0.5),"악성",IF(AND(AP11="정상",BL11<=3),"정상",IF(BI11>1,"정상","부진"))))) -> 정상 | BK11: 45108 | BL11: =DATEDIF(BK11,$BL$9,"m")+1 -> 39
A12: 제품 | B12: DCP123003 | C12: 데코데코 말캉말캉 토핑 스퀴시 (구간) | D12: 1881 | E12: 5398.0524 | F12: 10153735 | G12: 0 | H12: 0 | I12: 0 | J12: 1850 | K12: 5401.6568 | L12: 9993065 | M12: 0 | N12: 0 | O12: 0 | P12: 0 | Q12: 0 | R12: 0 | S12: 1850 | T12: 5401.6568 | U12: 9993065 | V12: 3711 | W12: 5399.8375 | X12: 20038797 | Y12: 0 | Z12: 0 | AA12: 0 | AB12: 12 | AC12: 5399.4167 | AD12: 64793 | AE12: 0 | AF12: 0 | AG12: 0 | AH12: 3723 | AI12: 5399.8362 | AJ12: 20103590 | AK12: 8 | AL12: 5401.3333 | AM12: 43210 | AN12: =AM12/$AM$4 -> 4.0891404e-06 | AO12: =IF(ISERROR(AK12/(D12+S12)),,(AK12/(D12+S12))) -> 0.0021441973 | AP12: 정상 | AQ12: =A12 -> 제품 | AR12: =IF($AP12="악성",$AM12,0) -> 0 | AS12: =IF($AP12="부진",$AM12,0) -> 0 | AT12: =IF($AP12="정상",$AM12,0) -> 43210 | AU12: =SUM(AR12:AT12) -> 43210 | AV12: =IF(+BB12*$AL12=0,"",+BB12*$AL12) -> 43210.666 | AW12: =IF(+BC12*$AL12=0,"",+BC12*$AL12) | AX12: =IF(+BD12*$AL12=0,"",+BD12*$AL12) | AY12: =IF(+BE12*$AL12=0,"",+BE12*$AL12) | AZ12: =IF(+BF12*$AL12=0,"",+BF12*$AL12) | BB12: 8 | BC12: 0 | BD12: 0 | BE12: 0 | BF12: 0 | BG12: =+SUM(BB12:BF12) -> 8 | BH12: =BG12-AK12 -> 0 | BI12: =IFERROR(IF(ROUND(V12/((D12+AK12)/2),1)<0,0,ROUND(V12/((D12+AK12)/2),1)),0) -> 3.9 | BJ12: =IF(AK12=0,"정상",IF(AP12="악성","악성",IF(AND(BL12>3,BI12<0.5),"악성",IF(AND(AP12="정상",BL12<=3),"정상",IF(BI12>1,"정상","부진"))))) -> 정상 | BK12: 46023 | BL12: =DATEDIF(BK12,$BL$9,"m")+1 -> 9
A13: 제품 | B13: DCP123004 | C13: 데코데코 말캉말캉 종이 스퀴시 편의점 | D13: 983 | E13: 3154.2157 | F13: 3100594 | G13: 0 | H13: 0 | I13: 0 | J13: 12000 | K13: 3177.46 | L13: 38129520 | M13: 153 | N13: 225.53595 | O13: 34507 | P13: 0 | Q13: 0 | R13: 0 | S13: 12153 | T13: 3140.2968 | U13: 38164027 | V13: 9816 | W13: 3129.6701 | X13: 30720842 | Y13: 0 | Z13: 0 | AA13: 0 | AB13: 47 | AC13: 3126.7447 | AD13: 146957 | AE13: 0 | AF13: 0 | AG13: 0 | AH13: 9863 | AI13: 3129.6562 | AJ13: 30867799 | AK13: 3273 | AL13: 3176.5423 | AM13: 10396822 | AN13: =AM13/$AM$4 -> 0.00098389411 | AO13: =IF(ISERROR(AK13/(D13+S13)),,(AK13/(D13+S13))) -> 0.24916261 | AP13: 정상 | AQ13: 제품 | AR13: =IF($AP13="악성",$AM13,0) -> 0 | AS13: =IF($AP13="부진",$AM13,0) -> 0 | AT13: =IF($AP13="정상",$AM13,0) -> 10396822 | AU13: =SUM(AR13:AT13) -> 10396822 | AV13: =IF(+BB13*$AL13=0,"",+BB13*$AL13) -> 10396823 | AW13: =IF(+BC13*$AL13=0,"",+BC13*$AL13) | AX13: =IF(+BD13*$AL13=0,"",+BD13*$AL13) | AY13: =IF(+BE13*$AL13=0,"",+BE13*$AL13) | AZ13: =IF(+BF13*$AL13=0,"",+BF13*$AL13) | BB13: 3273 | BC13: 0 | BD13: 0 | BE13: 0 | BF13: 0 | BG13: =+SUM(BB13:BF13) -> 3273 | BH13: =BG13-AK13 -> 0 | BI13: =IFERROR(IF(ROUND(V13/((D13+AK13)/2),1)<0,0,ROUND(V13/((D13+AK13)/2),1)),0) -> 4.6 | BJ13: =IF(AK13=0,"정상",IF(AP13="악성","악성",IF(AND(BL13>3,BI13<0.5),"악성",IF(AND(AP13="정상",BL13<=3),"정상",IF(BI13>1,"정상","부진"))))) -> 정상 | BK13: 46235 | BL13: =DATEDIF(BK13,$BL$9,"m")+1 -> 2
A14: 제품 | B14: DCP124001 | C14: 데코데코 매직글리터 - 솜인형 키링 만들기 | D14: 1888 | E14: 5387.7298 | F14: 10172033 | G14: 0 | H14: 0 | I14: 0 | J14: 0 | K14: 0 | L14: 0 | M14: 2 | N14: 5387.5 | O14: 10775 | P14: 0 | Q14: 0 | R14: 0 | S14: 2 | T14: 5387.5 | U14: 10775 | V14: 436 | W14: 5387.7477 | X14: 2349058 | Y14: 0 | Z14: 0 | AA14: 0 | AB14: 56 | AC14: 5387.8214 | AD14: 301718 | AE14: 0 | AF14: 0 | AG14: 0 | AH14: 492 | AI14: 5387.7561 | AJ14: 2650776 | AK14: 1398 | AL14: 5387.72 | AM14: 7532032 | AN14: =AM14/$AM$4 -> 0.00071278723 | AO14: =IF(ISERROR(AK14/(D14+S14)),,(AK14/(D14+S14))) -> 0.73968254 | AP14: 부진 | AQ14: 제품 | AR14: =IF($AP14="악성",$AM14,0) -> 0 | AS14: =IF($AP14="부진",$AM14,0) -> 7532032 | AT14: =IF($AP14="정상",$AM14,0) -> 0 | AU14: =SUM(AR14:AT14) -> 7532032 | AV14: =IF(+BB14*$AL14=0,"",+BB14*$AL14) -> 7532032.6 | AW14: =IF(+BC14*$AL14=0,"",+BC14*$AL14) | AX14: =IF(+BD14*$AL14=0,"",+BD14*$AL14) | AY14: =IF(+BE14*$AL14=0,"",+BE14*$AL14) | AZ14: =IF(+BF14*$AL14=0,"",+BF14*$AL14) | BB14: 1398 | BC14: 0 | BD14: 0 | BE14: 0 | BF14: 0 | BG14: =+SUM(BB14:BF14) -> 1398 | BH14: =BG14-AK14 -> 0 | BI14: =IFERROR(IF(ROUND(V14/((D14+AK14)/2),1)<0,0,ROUND(V14/((D14+AK14)/2),1)),0) -> 0.3 | BJ14: =IF(AK14=0,"정상",IF(AP14="악성","악성",IF(AND(BL14>3,BI14<0.5),"악성",IF(AND(AP14="정상",BL14<=3),"정상",IF(BI14>1,"정상","부진"))))) -> 악성 | BK14: 45292 | BL14: =DATEDIF(BK14,$BL$9,"m")+1 -> 33
A15: 제품 | B15: DCP124002 | C15: 데코데코 아이돌 메이크업 색칠북 | D15: 2368 | E15: 5795.5225 | F15: 13723797 | G15: 0 | H15: 0 | I15: 0 | J15: 0 | K15: 0 | L15: 0 | M15: 1 | N15: 5796 | O15: 5796 | P15: 0 | Q15: 0 | R15: 0 | S15: 1 | T15: 5796 | U15: 5796 | V15: 2340 | W15: 5795.5226 | X15: 13561523 | Y15: 0 | Z15: 0 | AA15: 0 | AB15: 21 | AC15: 5795.6667 | AD15: 121709 | AE15: 0 | AF15: 0 | AG15: 0 | AH15: 2361 | AI15: 5795.5239 | AJ15: 13683232 | AK15: 8 | AL15: 5795.2 | AM15: 46361 | AN15: =AM15/$AM$4 -> 4.3873325e-06 | AO15: =IF(ISERROR(AK15/(D15+S15)),,(AK15/(D15+S15))) -> 0.0033769523 | AP15: 부진 | AQ15: 제품 | AR15: =IF($AP15="악성",$AM15,0) -> 0 | AS15: =IF($AP15="부진",$AM15,0) -> 46361 | AT15: =IF($AP15="정상",$AM15,0) -> 0 | AU15: =SUM(AR15:AT15) -> 46361 | AV15: =IF(+BB15*$AL15=0,"",+BB15*$AL15) -> 46361.6 | AW15: =IF(+BC15*$AL15=0,"",+BC15*$AL15) | AX15: =IF(+BD15*$AL15=0,"",+BD15*$AL15) | AY15: =IF(+BE15*$AL15=0,"",+BE15*$AL15) | AZ15: =IF(+BF15*$AL15=0,"",+BF15*$AL15) | BB15: 8 | BC15: 0 | BD15: 0 | BE15: 0 | BF15: 0 | BG15: =+SUM(BB15:BF15) -> 8 | BH15: =BG15-AK15 -> 0 | BI15: =IFERROR(IF(ROUND(V15/((D15+AK15)/2),1)<0,0,ROUND(V15/((D15+AK15)/2),1)),0) -> 2 | BJ15: =IF(AK15=0,"정상",IF(AP15="악성","악성",IF(AND(BL15>3,BI15<0.5),"악성",IF(AND(AP15="정상",BL15<=3),"정상",IF(BI15>1,"정상","부진"))))) -> 정상 | BK15: 45413 | BL15: =DATEDIF(BK15,$BL$9,"m")+1 -> 29
A16: 제품 | B16: DCP124003 | C16: 데코데코 요요유니 슬라임 스퀴시 (플레이타임 전용) | D16: 0 | E16: 0 | F16: 0 | G16: 0 | H16: 0 | I16: 0 | J16: 3000 | K16: 5798.206 | L16: 17394618 | M16: 0 | N16: 0 | O16: 0 | P16: 0 | Q16: 0 | R16: 0 | S16: 3000 | T16: 5798.206 | U16: 17394618 | V16: 3000 | W16: 5798.206 | X16: 17394618 | Y16: 0 | Z16: 0 | AA16: 0 | AB16: 0 | AC16: 0 | AD16: 0 | AE16: 0 | AF16: 0 | AG16: 0 | AH16: 3000 | AI16: 5798.206 | AJ16: 17394618 | AK16: 0 | AL16: 0 | AM16: 0 | AN16: =AM16/$AM$4 -> 0 | AO16: =IF(ISERROR(AK16/(D16+S16)),,(AK16/(D16+S16))) -> 0 | AP16: 정상 | AQ16: 제품 | AR16: =IF($AP16="악성",$AM16,0) -> 0 | AS16: =IF($AP16="부진",$AM16,0) -> 0 | AT16: =IF($AP16="정상",$AM16,0) -> 0 | AU16: =SUM(AR16:AT16) -> 0 | AV16: =IF(+BB16*$AL16=0,"",+BB16*$AL16) | AW16: =IF(+BC16*$AL16=0,"",+BC16*$AL16) | AX16: =IF(+BD16*$AL16=0,"",+BD16*$AL16) | AY16: =IF(+BE16*$AL16=0,"",+BE16*$AL16) | AZ16: =IF(+BF16*$AL16=0,"",+BF16*$AL16) | BB16: 0 | BC16: 0 | BD16: 0 | BE16: 0 | BF16: 0 | BG16: =+SUM(BB16:BF16) -> 0 | BH16: =BG16-AK16 -> 0 | BI16: =IFERROR(IF(ROUND(V16/((D16+AK16)/2),1)<0,0,ROUND(V16/((D16+AK16)/2),1)),0) -> 0 | BJ16: =IF(AK16=0,"정상",IF(AP16="악성","악성",IF(AND(BL16>3,BI16<0.5),"악성",IF(AND(AP16="정상",BL16<=3),"정상",IF(BI16>1,"정상","부진"))))) -> 정상 | BK16: 45444 | BL16: =DATEDIF(BK16,$BL$9,"m")+1 -> 28
A17: 제품 | B17: DCP124004 | C17: 데코데코 미니 스퀴시 사장의 포용계 키트 | D17: 3148 | E17: 4496.5931 | F17: 14155275 | G17: 3000 | H17: 6455.5987 | I17: 19366796 | J17: 0 | K17: 0 | L17: 0 | M17: 0 | N17: 0 | O17: 0 | P17: 0 | Q17: 0 | R17: 0 | S17: 3000 | T17: 6455.5987 | U17: 19366796 | V17: 5743 | W17: 5415.8381 | X17: 31103158 | Y17: 0 | Z17: 0 | AA17: 0 | AB17: 202 | AC17: 5578.6436 | AD17: 1126886 | AE17: 0 | AF17: 0 | AG17: 0 | AH17: 5945 | AI17: 5421.3699 | AJ17: 32230044 | AK17: 203 | AL17: 6364.6695 | AM17: 1292027 | AN17: =AM17/$AM$4 -> 0.00012226984 | AO17: =IF(ISERROR(AK17/(D17+S17)),,(AK17/(D17+S17))) -> 0.033018868 | AP17: 정상 | AQ17: 제품 | AR17: =IF($AP17="악성",$AM17,0) -> 0 | AS17: =IF($AP17="부진",$AM17,0) -> 0 | AT17: =IF($AP17="정상",$AM17,0) -> 1292027 | AU17: =SUM(AR17:AT17) -> 1292027 | AV17: =IF(+BB17*$AL17=0,"",+BB17*$AL17) -> 1292027.9 | AW17: =IF(+BC17*$AL17=0,"",+BC17*$AL17) | AX17: =IF(+BD17*$AL17=0,"",+BD17*$AL17) | AY17: =IF(+BE17*$AL17=0,"",+BE17*$AL17) | AZ17: =IF(+BF17*$AL17=0,"",+BF17*$AL17) | BB17: 203 | BC17: 0 | BD17: 0 | BE17: 0 | BF17: 0 | BG17: =+SUM(BB17:BF17) -> 203 | BH17: =BG17-AK17 -> 0 | BI17: =IFERROR(IF(ROUND(V17/((D17+AK17)/2),1)<0,0,ROUND(V17/((D17+AK17)/2),1)),0) -> 3.4 | BJ17: =IF(AK17=0,"정상",IF(AP17="악성","악성",IF(AND(BL17>3,BI17<0.5),"악성",IF(AND(AP17="정상",BL17<=3),"정상",IF(BI17>1,"정상","부진"))))) -> 정상 | BK17: 45992 | BL17: =DATEDIF(BK17,$BL$9,"m")+1 -> 10
A18: 제품 | B18: DCP125001 | C18: 데코데코 포장의 달인 | D18: 1541 | E18: 2456.7868 | F18: 3785908 | G18: 0 | H18: 0 | I18: 0 | J18: 4800 | K18: 2465.5 | L18: 11834400 | M18: 1 | N18: 2464 | O18: 2464 | P18: 0 | Q18: 0 | R18: 0 | S18: 4801 | T18: 2465.4997 | U18: 11836864 | V18: 5599 | W18: 2463.2127 | X18: 13791528 | Y18: 0 | Z18: 0 | AA18: 0 | AB18: 32 | AC18: 2464.375 | AD18: 78860 | AE18: 0 | AF18: 0 | AG18: 0 | AH18: 5631 | AI18: 2463.2193 | AJ18: 13870388 | AK18: 711 | AL18: 2464.6762 | AM18: 1752384 | AN18: =AM18/$AM$4 -> 0.00016583532 | AO18: =IF(ISERROR(AK18/(D18+S18)),,(AK18/(D18+S18))) -> 0.11210974 | AP18: 정상 | AQ18: 제품 | AR18: =IF($AP18="악성",$AM18,0) -> 0 | AS18: =IF($AP18="부진",$AM18,0) -> 0 | AT18: =IF($AP18="정상",$AM18,0) -> 1752384 | AU18: =SUM(AR18:AT18) -> 1752384 | AV18: =IF(+BB18*$AL18=0,"",+BB18*$AL18) -> 1752384.8 | AW18: =IF(+BC18*$AL18=0,"",+BC18*$AL18) | AX18: =IF(+BD18*$AL18=0,"",+BD18*$AL18) | AY18: =IF(+BE18*$AL18=0,"",+BE18*$AL18) | AZ18: =IF(+BF18*$AL18=0,"",+BF18*$AL18) | BB18: 711 | BC18: 0 | BD18: 0 | BE18: 0 | BF18: 0 | BG18: =+SUM(BB18:BF18) -> 711 | BH18: =BG18-AK18 -> 0 | BI18: =IFERROR(IF(ROUND(V18/((D18+AK18)/2),1)<0,0,ROUND(V18/((D18+AK18)/2),1)),0) -> 5 | BJ18: =IF(AK18=0,"정상",IF(AP18="악성","악성",IF(AND(BL18>3,BI18<0.5),"악성",IF(AND(AP18="정상",BL18<=3),"정상",IF(BI18>1,"정상","부진"))))) -> 정상 | BK18: 45901 | BL18: =DATEDIF(BK18,$BL$9,"m")+1 -> 13
A19: 제품 | B19: DCP125002 | C19: 데코데코 말캉말캉 디저트 스퀴시북 | D19: 0 | E19: 0 | F19: 0 | G19: 0 | H19: 0 | I19: 0 | J19: 6000 | K19: 3457.9397 | L19: 20747638 | M19: 72 | N19: 1 | O19: 72 | P19: 0 | Q19: 0 | R19: 0 | S19: 6072 | T19: 3416.9483 | U19: 20747710 | V19: 4226 | W19: 3420.5372 | X19: 14455190 | Y19: 0 | Z19: 0 | AA19: 0 | AB19: 32 | AC19: 3428.2812 | AD19: 109705 | AE19: 0 | AF19: 0 | AG19: 0 | AH19: 4258 | AI19: 3420.5953 | AJ19: 14564895 | AK19: 1814 | AL19: 3408.3878 | AM19: 6182815 | AN19: =AM19/$AM$4 -> 0.00058510526 | AO19: =IF(ISERROR(AK19/(D19+S19)),,(AK19/(D19+S19))) -> 0.29874835 | AP19: 정상 | AQ19: 제품 | AR19: =IF($AP19="악성",$AM19,0) -> 0 | AS19: =IF($AP19="부진",$AM19,0) -> 0 | AT19: =IF($AP19="정상",$AM19,0) -> 6182815 | AU19: =SUM(AR19:AT19) -> 6182815 | AV19: =IF(+BB19*$AL19=0,"",+BB19*$AL19) -> 6182815.5 | AW19: =IF(+BC19*$AL19=0,"",+BC19*$AL19) | AX19: =IF(+BD19*$AL19=0,"",+BD19*$AL19) | AY19: =IF(+BE19*$AL19=0,"",+BE19*$AL19) | AZ19: =IF(+BF19*$AL19=0,"",+BF19*$AL19) | BB19: 1814 | BC19: 0 | BD19: 0 | BE19: 0 | BF19: 0 | BG19: =+SUM(BB19:BF19) -> 1814 | BH19: =BG19-AK19 -> 0 | BI19: =IFERROR(IF(ROUND(V19/((D19+AK19)/2),1)<0,0,ROUND(V19/((D19+AK19)/2),1)),0) -> 4.7 | BJ19: =IF(AK19=0,"정상",IF(AP19="악성","악성",IF(AND(BL19>3,BI19<0.5),"악성",IF(AND(AP19="정상",BL19<=3),"정상",IF(BI19>1,"정상","부진"))))) -> 정상 | BK19: 46082 | BL19: =DATEDIF(BK19,$BL$9,"m")+1 -> 7
A20: 제품 | B20: DCT122001 | C20: 데코데코 말캉이 메이킷 | D20: 681 | E20: 14162.982 | F20: 9644990 | G20: 41526 | H20: 14527.766 | I20: 603280024 | J20: 0 | K20: 0 | L20: 0 | M20: 13 | N20: 14376 | O20: 186888 | P20: 0 | Q20: 0 | R20: 0 | S20: 41539 | T20: 14527.719 | U20: 603466912 | V20: 38978 | W20: 14482.375 | X20: 564494002 | Y20: 0 | Z20: 0 | AA20: 0 | AB20: 78 | AC20: 14508.885 | AD20: 1131693 | AE20: 0 | AF20: 0 | AG20: 0 | AH20: 39056 | AI20: 14482.428 | AJ20: 565625695 | AK20: 3164 | AL20: 15008.283 | AM20: 47486207 | AN20: =AM20/$AM$4 -> 0.0044938155 | AO20: =IF(ISERROR(AK20/(D20+S20)),,(AK20/(D20+S20))) -> 0.074940786 | AP20: 정상 | AQ20: 제품 | AR20: =IF($AP20="악성",$AM20,0) -> 0 | AS20: =IF($AP20="부진",$AM20,0) -> 0 | AT20: =IF($AP20="정상",$AM20,0) -> 47486207 | AU20: =SUM(AR20:AT20) -> 47486207 | AV20: =IF(+BB20*$AL20=0,"",+BB20*$AL20) -> 47486208 | AW20: =IF(+BC20*$AL20=0,"",+BC20*$AL20) | AX20: =IF(+BD20*$AL20=0,"",+BD20*$AL20) | AY20: =IF(+BE20*$AL20=0,"",+BE20*$AL20) | AZ20: =IF(+BF20*$AL20=0,"",+BF20*$AL20) | BB20: 3164 | BC20: 0 | BD20: 0 | BE20: 0 | BF20: 0 | BG20: =+SUM(BB20:BF20) -> 3164 | BH20: =BG20-AK20 -> 0 | BI20: =IFERROR(IF(ROUND(V20/((D20+AK20)/2),1)<0,0,ROUND(V20/((D20+AK20)/2),1)),0) -> 20.3 | BJ20: =IF(AK20=0,"정상",IF(AP20="악성","악성",IF(AND(BL20>3,BI20<0.5),"악성",IF(AND(AP20="정상",BL20<=3),"정상",IF(BI20>1,"정상","부진"))))) -> 정상 | BK20: 46204 | BL20: =DATEDIF(BK20,$BL$9,"m")+1 -> 3
A21: 제품 | B21: DCT122002 | C21: 데코데코 말캉이 메이킷 - 디저트 키트 | D21: 3015 | E21: 7060.0336 | F21: 21286001 | G21: 5000 | H21: 7037.124 | I21: 35185620 | J21: 0 | K21: 0 | L21: 0 | M21: 5 | N21: 7046 | O21: 35230 | P21: 0 | Q21: 0 | R21: 0 | S21: 5005 | T21: 7037.1329 | U21: 35220850 | V21: 7385 | W21: 7045.7418 | X21: 52032803 | Y21: 0 | Z21: 0 | AA21: 0 | AB21: 37 | AC21: 7045.8649 | AD21: 260697 | AE21: 0 | AF21: 0 | AG21: 0 | AH21: 7422 | AI21: 7045.7424 | AJ21: 52293500 | AK21: 598 | AL21: 7045.7388 | AM21: 4213351 | AN21: =AM21/$AM$4 -> 0.00039872677 | AO21: =IF(ISERROR(AK21/(D21+S21)),,(AK21/(D21+S21))) -> 0.074563591 | AP21: 정상 | AQ21: 제품 | AR21: =IF($AP21="악성",$AM21,0) -> 0 | AS21: =IF($AP21="부진",$AM21,0) -> 0 | AT21: =IF($AP21="정상",$AM21,0) -> 4213351 | AU21: =SUM(AR21:AT21) -> 4213351 | AV21: =IF(+BB21*$AL21=0,"",+BB21*$AL21) -> 4213351.8 | AW21: =IF(+BC21*$AL21=0,"",+BC21*$AL21) | AX21: =IF(+BD21*$AL21=0,"",+BD21*$AL21) | AY21: =IF(+BE21*$AL21=0,"",+BE21*$AL21) | AZ21: =IF(+BF21*$AL21=0,"",+BF21*$AL21) | BB21: 598 | BC21: 0 | BD21: 0 | BE21: 0 | BF21: 0 | BG21: =+SUM(BB21:BF21) -> 598 | BH21: =BG21-AK21 -> 0 | BI21: =IFERROR(IF(ROUND(V21/((D21+AK21)/2),1)<0,0,ROUND(V21/((D21+AK21)/2),1)),0) -> 4.1 | BJ21: =IF(AK21=0,"정상",IF(AP21="악성","악성",IF(AND(BL21>3,BI21<0.5),"악성",IF(AND(AP21="정상",BL21<=3),"정상",IF(BI21>1,"정상","부진"))))) -> 정상 | BK21: 44835 | BL21: =DATEDIF(BK21,$BL$9,"m")+1 -> 48
A22: 제품 | B22: DCT122003 | C22: 데코데코 말캉이 메이킷 - 아이스크림 키트 | D22: 7732 | E22: 5390.335 | F22: 41678069 | G22: 4000 | H22: 5693.9788 | I22: 22775915 | J22: 0 | K22: 0 | L22: 0 | M22: 5 | N22: 5390 | O22: 26950 | P22: 0 | Q22: 0 | R22: 0 | S22: 4005 | T22: 5693.5993 | U22: 22802865 | V22: 8906 | W22: 5456.019 | X22: 48591305 | Y22: 0 | Z22: 0 | AA22: 0 | AB22: 25 | AC22: 5417.48 | AD22: 135437 | AE22: 0 | AF22: 0 | AG22: 0 | AH22: 8931 | AI22: 5455.9111 | AJ22: 48726742 | AK22: 2806 | AL22: 5614.4662 | AM22: 15754192 | AN22: =AM22/$AM$4 -> 0.0014908841 | AO22: =IF(ISERROR(AK22/(D22+S22)),,(AK22/(D22+S22))) -> 0.23907302 | AP22: 정상 | AQ22: =A22 -> 제품 | AR22: =IF($AP22="악성",$AM22,0) -> 0 | AS22: =IF($AP22="부진",$AM22,0) -> 0 | AT22: =IF($AP22="정상",$AM22,0) -> 15754192 | AU22: =SUM(AR22:AT22) -> 15754192 | AV22: =IF(+BB22*$AL22=0,"",+BB22*$AL22) -> 15754192 | AW22: =IF(+BC22*$AL22=0,"",+BC22*$AL22) | AX22: =IF(+BD22*$AL22=0,"",+BD22*$AL22) | AY22: =IF(+BE22*$AL22=0,"",+BE22*$AL22) | AZ22: =IF(+BF22*$AL22=0,"",+BF22*$AL22) | BB22: 2806 | BC22: 0 | BD22: 0 | BE22: 0 | BF22: 0 | BG22: =+SUM(BB22:BF22) -> 2806 | BH22: =BG22-AK22 -> 0 | BI22: =IFERROR(IF(ROUND(V22/((D22+AK22)/2),1)<0,0,ROUND(V22/((D22+AK22)/2),1)),0) -> 1.7 | BJ22: =IF(AK22=0,"정상",IF(AP22="악성","악성",IF(AND(BL22>3,BI22<0.5),"악성",IF(AND(AP22="정상",BL22<=3),"정상",IF(BI22>1,"정상","부진"))))) -> 정상 | BK22: 46204 | BL22: =DATEDIF(BK22,$BL$9,"m")+1 -> 3
A23: 제품 | B23: DCT122004 | C23: 데코데코 시크릿 캐비닛 러블리 핑크 | D23: 2890 | E23: 11929.933 | F23: 34477507 | G23: 10000 | H23: 12563.789 | I23: 125637886 | J23: 0 | K23: 0 | L23: 0 | M23: 2 | N23: 12339 | O23: 24678 | P23: 0 | Q23: 0 | R23: 0 | S23: 10002 | T23: 12563.744 | U23: 125662564 | V23: 8641 | W23: 12139.947 | X23: 104901282 | Y23: 0 | Z23: 0 | AA23: 0 | AB23: 25 | AC23: 12469.64 | AD23: 311741 | AE23: 0 | AF23: 0 | AG23: 0 | AH23: 8666 | AI23: 12140.898 | AJ23: 105213023 | AK23: 4226 | AL23: 12997.409 | AM23: 54927048 | AN23: =AM23/$AM$4 -> 0.0051979729 | AO23: =IF(ISERROR(AK23/(D23+S23)),,(AK23/(D23+S23))) -> 0.32780019 | AP23: 정상 | AQ23: =A23 -> 제품 | AR23: =IF($AP23="악성",$AM23,0) -> 0 | AS23: =IF($AP23="부진",$AM23,0) -> 0 | AT23: =IF($AP23="정상",$AM23,0) -> 54927048 | AU23: =SUM(AR23:AT23) -> 54927048 | AV23: =IF(+BB23*$AL23=0,"",+BB23*$AL23) -> 54927049 | AW23: =IF(+BC23*$AL23=0,"",+BC23*$AL23) | AX23: =IF(+BD23*$AL23=0,"",+BD23*$AL23) | AY23: =IF(+BE23*$AL23=0,"",+BE23*$AL23) | AZ23: =IF(+BF23*$AL23=0,"",+BF23*$AL23) | BB23: 4226 | BC23: 0 | BD23: 0 | BE23: 0 | BF23: 0 | BG23: =+SUM(BB23:BF23) -> 4226 | BH23: =BG23-AK23 -> 0 | BI23: =IFERROR(IF(ROUND(V23/((D23+AK23)/2),1)<0,0,ROUND(V23/((D23+AK23)/2),1)),0) -> 2.4 | BJ23: =IF(AK23=0,"정상",IF(AP23="악성","악성",IF(AND(BL23>3,BI23<0.5),"악성",IF(AND(AP23="정상",BL23<=3),"정상",IF(BI23>1,"정상","부진"))))) -> 정상 | BK23: 46174 | BL23: =DATEDIF(BK23,$BL$9,"m")+1 -> 4
A24: 제품 | B24: DCT122005 | C24: 데코데코 시크릿 캐비닛 트렌디 퍼플 | D24: 883 | E24: 11559.003 | F24: 10206598 | G24: 8000 | H24: 12349.793 | I24: 98798342 | J24: 0 | K24: 0 | L24: 0 | M24: 15 | N24: 12001.133 | O24: 180017 | P24: 0 | Q24: 0 | R24: 0 | S24: 8015 | T24: 12349.14 | U24: 98978359 | V24: 5474 | W24: 11978.408 | X24: 65569804 | Y24: 0 | Z24: 0 | AA24: 0 | AB24: 33 | AC24: 12010.939 | AD24: 396361 | AE24: 0 | AF24: 0 | AG24: 0 | AH24: 5507 | AI24: 11978.603 | AJ24: 65966165 | AK24: 3391 | AL24: 12745.147 | AM24: 43218792 | AN24: =AM24/$AM$4 -> 0.0040899724 | AO24: =IF(ISERROR(AK24/(D24+S24)),,(AK24/(D24+S24))) -> 0.38109688 | AP24: 정상 | AQ24: =A24 -> 제품 | AR24: =IF($AP24="악성",$AM24,0) -> 0 | AS24: =IF($AP24="부진",$AM24,0) -> 0 | AT24: =IF($AP24="정상",$AM24,0) -> 43218792 | AU24: =SUM(AR24:AT24) -> 43218792 | AV24: =IF(+BB24*$AL24=0,"",+BB24*$AL24) -> 43218793 | AW24: =IF(+BC24*$AL24=0,"",+BC24*$AL24) | AX24: =IF(+BD24*$AL24=0,"",+BD24*$AL24) | AY24: =IF(+BE24*$AL24=0,"",+BE24*$AL24) | AZ24: =IF(+BF24*$AL24=0,"",+BF24*$AL24) | BB24: 3391 | BC24: 0 | BD24: 0 | BE24: 0 | BF24: 0 | BG24: =+SUM(BB24:BF24) -> 3391 | BH24: =BG24-AK24 -> 0 | BI24: =IFERROR(IF(ROUND(V24/((D24+AK24)/2),1)<0,0,ROUND(V24/((D24+AK24)/2),1)),0) -> 2.6 | BJ24: =IF(AK24=0,"정상",IF(AP24="악성","악성",IF(AND(BL24>3,BI24<0.5),"악성",IF(AND(AP24="정상",BL24<=3),"정상",IF(BI24>1,"정상","부진"))))) -> 정상 | BK24: 46235 | BL24: =DATEDIF(BK24,$BL$9,"m")+1 -> 2
A25: 제품 | B25: DCT122006 | C25: 데코데코 유니콘 라떼 글리터 슬라임 만들기 | D25: 6818 | E25: 5055.3696 | F25: 34467510 | G25: 0 | H25: 0 | I25: 0 | J25: 10000 | K25: 4910.1613 | L25: 49101613 | M25: 0 | N25: 0 | O25: 0 | P25: 0 | Q25: 0 | R25: 0 | S25: 10000 | T25: 4910.1613 | U25: 49101613 | V25: 14018 | W25: 4948.4538 | X25: 69367426 | Y25: 0 | Z25: 0 | AA25: 0 | AB25: 38 | AC25: 4953.1579 | AD25: 188220 | AE25: 0 | AF25: 0 | AG25: 0 | AH25: 14056 | AI25: 4948.4666 | AJ25: 69555646 | AK25: 2762 | AL25: 5073.6702 | AM25: 14013477 | AN25: =AM25/$AM$4 -> 0.0013261531 | AO25: =IF(ISERROR(AK25/(D25+S25)),,(AK25/(D25+S25))) -> 0.1642288 | AP25: 정상 | AQ25: =A25 -> 제품 | AR25: =IF($AP25="악성",$AM25,0) -> 0 | AS25: =IF($AP25="부진",$AM25,0) -> 0 | AT25: =IF($AP25="정상",$AM25,0) -> 14013477 | AU25: =SUM(AR25:AT25) -> 14013477 | AV25: =IF(+BB25*$AL25=0,"",+BB25*$AL25) -> 14013477 | AW25: =IF(+BC25*$AL25=0,"",+BC25*$AL25) | AX25: =IF(+BD25*$AL25=0,"",+BD25*$AL25) | AY25: =IF(+BE25*$AL25=0,"",+BE25*$AL25) | AZ25: =IF(+BF25*$AL25=0,"",+BF25*$AL25) | BB25: 2762 | BC25: 0 | BD25: 0 | BE25: 0 | BF25: 0 | BG25: =+SUM(BB25:BF25) -> 2762 | BH25: =BG25-AK25 -> 0 | BI25: =IFERROR(IF(ROUND(V25/((D25+AK25)/2),1)<0,0,ROUND(V25/((D25+AK25)/2),1)),0) -> 2.9 | BJ25: =IF(AK25=0,"정상",IF(AP25="악성","악성",IF(AND(BL25>3,BI25<0.5),"악성",IF(AND(AP25="정상",BL25<=3),"정상",IF(BI25>1,"정상","부진"))))) -> 정상 | BK25: 45809 | BL25: =DATEDIF(BK25,$BL$9,"m")+1 -> 16
A26: 제품 | B26: DCT122008 | C26: 데코데코 달콤 디저트 슈링클스 키링 만들기 | D26: 651 | E26: 4520.2068 | F26: 2942654 | G26: 0 | H26: 0 | I26: 0 | J26: 0 | K26: 0 | L26: 0 | M26: 0 | N26: 0 | O26: 0 | P26: 0 | Q26: 0 | R26: 0 | S26: 0 | T26: 0 | U26: 0 | V26: 583 | W26: 4520.211 | X26: 2635283 | Y26: 0 | Z26: 0 | AA26: 0 | AB26: 1 | AC26: 4521 | AD26: 4521 | AE26: 0 | AF26: 0 | AG26: 0 | AH26: 584 | AI26: 4520.2123 | AJ26: 2639804 | AK26: 67 | AL26: 4520.1594 | AM26: 302850 | AN26: =AM26/$AM$4 -> 2.8659944e-05 | AO26: =IF(ISERROR(AK26/(D26+S26)),,(AK26/(D26+S26))) -> 0.10291859 | AP26: 부진 | AQ26: =A26 -> 제품 | AR26: =IF($AP26="악성",$AM26,0) -> 0 | AS26: =IF($AP26="부진",$AM26,0) -> 302850 | AT26: =IF($AP26="정상",$AM26,0) -> 0 | AU26: =SUM(AR26:AT26) -> 302850 | AV26: =IF(+BB26*$AL26=0,"",+BB26*$AL26) -> 302850.68 | AW26: =IF(+BC26*$AL26=0,"",+BC26*$AL26) | AX26: =IF(+BD26*$AL26=0,"",+BD26*$AL26) | AY26: =IF(+BE26*$AL26=0,"",+BE26*$AL26) | AZ26: =IF(+BF26*$AL26=0,"",+BF26*$AL26) | BB26: 67 | BC26: 0 | BD26: 0 | BE26: 0 | BF26: 0 | BG26: =+SUM(BB26:BF26) -> 67 | BH26: =BG26-AK26 -> 0 | BI26: =IFERROR(IF(ROUND(V26/((D26+AK26)/2),1)<0,0,ROUND(V26/((D26+AK26)/2),1)),0) -> 1.6 | BJ26: =IF(AK26=0,"정상",IF(AP26="악성","악성",IF(AND(BL26>3,BI26<0.5),"악성",IF(AND(AP26="정상",BL26<=3),"정상",IF(BI26>1,"정상","부진"))))) -> 정상 | BK26: 44805 | BL26: =DATEDIF(BK26,$BL$9,"m")+1 -> 49
A27: 제품 | B27: DCT122009 | C27: 데코데코 냠냠파티 디폼블럭 만들기 | D27: 1370 | E27: 2561.8491 | F27: 3509733 | G27: 0 | H27: 0 | I27: 0 | J27: 0 | K27: 0 | L27: 0 | M27: 3 | N27: 2562 | O27: 7686 | P27: 0 | Q27: 0 | R27: 0 | S27: 3 | T27: 2562 | U27: 7686 | V27: 1097 | W27: 2561.8532 | X27: 2810353 | Y27: 0 | Z27: 0 | AA27: 0 | AB27: 9 | AC27: 2562 | AD27: 23058 | AE27: 0 | AF27: 0 | AG27: 0 | AH27: 1106 | AI27: 2561.8544 | AJ27: 2833411 | AK27: 267 | AL27: 2561.8303 | AM27: 684008 | AN27: =AM27/$AM$4 -> 6.4730496e-05 | AO27: =IF(ISERROR(AK27/(D27+S27)),,(AK27/(D27+S27))) -> 0.19446468 | AP27: 부진 | AQ27: =A27 -> 제품 | AR27: =IF($AP27="악성",$AM27,0) -> 0 | AS27: =IF($AP27="부진",$AM27,0) -> 684008 | AT27: =IF($AP27="정상",$AM27,0) -> 0 | AU27: =SUM(AR27:AT27) -> 684008 | AV27: =IF(+BB27*$AL27=0,"",+BB27*$AL27) -> 684008.69 | AW27: =IF(+BC27*$AL27=0,"",+BC27*$AL27) | AX27: =IF(+BD27*$AL27=0,"",+BD27*$AL27) | AY27: =IF(+BE27*$AL27=0,"",+BE27*$AL27) | AZ27: =IF(+BF27*$AL27=0,"",+BF27*$AL27) | BB27: 267 | BC27: 0 | BD27: 0 | BE27: 0 | BF27: 0 | BG27: =+SUM(BB27:BF27) -> 267 | BH27: =BG27-AK27 -> 0 | BI27: =IFERROR(IF(ROUND(V27/((D27+AK27)/2),1)<0,0,ROUND(V27/((D27+AK27)/2),1)),0) -> 1.3 | BJ27: =IF(AK27=0,"정상",IF(AP27="악성","악성",IF(AND(BL27>3,BI27<0.5),"악성",IF(AND(AP27="정상",BL27<=3),"정상",IF(BI27>1,"정상","부진"))))) -> 정상 | BK27: 44835 | BL27: =DATEDIF(BK27,$BL$9,"m")+1 -> 48
A28: 제품 | B28: DCT123001 | C28: 데코데코 롤링 스티커펜 디럭스 다꾸 키트 | D28: 2703 | E28: 11716.273 | F28: 31669085 | G28: 0 | H28: 0 | I28: 0 | J28: 0 | K28: 0 | L28: 0 | M28: 1 | N28: 11716 | O28: 11716 | P28: 0 | Q28: 0 | R28: 0 | S28: 1 | T28: 11716 | U28: 11716 | V28: 2190 | W28: 11716.275 | X28: 25658642 | Y28: 0 | Z28: 0 | AA28: 0 | AB28: 38 | AC28: 11716.368 | AD28: 445222 | AE28: 0 | AF28: 0 | AG28: 0 | AH28: 2228 | AI28: 11716.276 | AJ28: 26103864 | AK28: 476 | AL28: 11716.256 | AM28: 5576937 | AN28: =AM28/$AM$4 -> 0.00052776853 | AO28: =IF(ISERROR(AK28/(D28+S28)),,(AK28/(D28+S28))) -> 0.1760355 | AP28: 부진 | AQ28: =A28 -> 제품 | AR28: =IF($AP28="악성",$AM28,0) -> 0 | AS28: =IF($AP28="부진",$AM28,0) -> 5576937 | AT28: =IF($AP28="정상",$AM28,0) -> 0 | AU28: =SUM(AR28:AT28) -> 5576937 | AV28: =IF(+BB28*$AL28=0,"",+BB28*$AL28) -> 5576937.7 | AW28: =IF(+BC28*$AL28=0,"",+BC28*$AL28) | AX28: =IF(+BD28*$AL28=0,"",+BD28*$AL28) | AY28: =IF(+BE28*$AL28=0,"",+BE28*$AL28) | AZ28: =IF(+BF28*$AL28=0,"",+BF28*$AL28) | BB28: 476 | BC28: 0 | BD28: 0 | BE28: 0 | BF28: 0 | BG28: =+SUM(BB28:BF28) -> 476 | BH28: =BG28-AK28 -> 0 | BI28: =IFERROR(IF(ROUND(V28/((D28+AK28)/2),1)<0,0,ROUND(V28/((D28+AK28)/2),1)),0) -> 1.4 | BJ28: =IF(AK28=0,"정상",IF(AP28="악성","악성",IF(AND(BL28>3,BI28<0.5),"악성",IF(AND(AP28="정상",BL28<=3),"정상",IF(BI28>1,"정상","부진"))))) -> 정상 | BK28: 44986 | BL28: =DATEDIF(BK28,$BL$9,"m")+1 -> 43
A29: 제품 | B29: DCT123002 | C29: 데코데코 롤링 스티커펜 샤이니 키트 | D29: 7361 | E29: 6015.5166 | F29: 44280218 | G29: 0 | H29: 0 | I29: 0 | J29: 0 | K29: 0 | L29: 0 | M29: 0 | N29: 0 | O29: 0 | P29: 0 | Q29: 0 | R29: 0 | S29: 0 | T29: 0 | U29: 0 | V29: 3077 | W29: 6015.518 | X29: 18509749 | Y29: 0 | Z29: 0 | AA29: 0 | AB29: 1521 | AC29: 6015.5194 | AD29: 9149605 | AE29: 0 | AF29: 0 | AG29: 0 | AH29: 4598 | AI29: 6015.5185 | AJ29: 27659354 | AK29: 2763 | AL29: 6015.5135 | AM29: 16620864 | AN29: =AM29/$AM$4 -> 0.0015729009 | AO29: =IF(ISERROR(AK29/(D29+S29)),,(AK29/(D29+S29))) -> 0.37535661 | AP29: 부진 | AQ29: =A29 -> 제품 | AR29: =IF($AP29="악성",$AM29,0) -> 0 | AS29: =IF($AP29="부진",$AM29,0) -> 16620864 | AT29: =IF($AP29="정상",$AM29,0) -> 0 | AU29: =SUM(AR29:AT29) -> 16620864 | AV29: =IF(+BB29*$AL29=0,"",+BB29*$AL29) -> 16620864 | AW29: =IF(+BC29*$AL29=0,"",+BC29*$AL29) | AX29: =IF(+BD29*$AL29=0,"",+BD29*$AL29) | AY29: =IF(+BE29*$AL29=0,"",+BE29*$AL29) | AZ29: =IF(+BF29*$AL29=0,"",+BF29*$AL29) | BB29: 2763 | BC29: 0 | BD29: 0 | BE29: 0 | BF29: 0 | BG29: =+SUM(BB29:BF29) -> 2763 | BH29: =BG29-AK29 -> 0 | BI29: =IFERROR(IF(ROUND(V29/((D29+AK29)/2),1)<0,0,ROUND(V29/((D29+AK29)/2),1)),0) -> 0.6 | BJ29: =IF(AK29=0,"정상",IF(AP29="악성","악성",IF(AND(BL29>3,BI29<0.5),"악성",IF(AND(AP29="정상",BL29<=3),"정상",IF(BI29>1,"정상","부진"))))) -> 부진 | BK29: 44986 | BL29: =DATEDIF(BK29,$BL$9,"m")+1 -> 43
A30: 제품 | B30: DCT123003 | C30: 데코데코 롤링 스티커펜 코튼캔디 키트 | D30: 5485 | E30: 5362.1402 | F30: 29411339 | G30: 0 | H30: 0 | I30: 0 | J30: 0 | K30: 0 | L30: 0 | M30: 0 | N30: 0 | O30: 0 | P30: 0 | Q30: 0 | R30: 0 | S30: 0 | T30: 0 | U30: 0 | V30: 4413 | W30: 5362.1412 | X30: 23663129 | Y30: 0 | Z30: 0 | AA30: 0 | AB30: 35 | AC30: 5362.3143 | AD30: 187681 | AE30: 0 | AF30: 0 | AG30: 0 | AH30: 4448 | AI30: 5362.1425 | AJ30: 23850810 | AK30: 1037 | AL30: 5362.1301 | AM30: 5560529 | AN30: =AM30/$AM$4 -> 0.00052621577 | AO30: =IF(ISERROR(AK30/(D30+S30)),,(AK30/(D30+S30))) -> 0.18906108 | AP30: 부진 | AQ30: =A30 -> 제품 | AR30: =IF($AP30="악성",$AM30,0) -> 0 | AS30: =IF($AP30="부진",$AM30,0) -> 5560529 | AT30: =IF($AP30="정상",$AM30,0) -> 0 | AU30: =SUM(AR30:AT30) -> 5560529 | AV30: =IF(+BB30*$AL30=0,"",+BB30*$AL30) -> 5560528.9 | AW30: =IF(+BC30*$AL30=0,"",+BC30*$AL30) | AX30: =IF(+BD30*$AL30=0,"",+BD30*$AL30) | AY30: =IF(+BE30*$AL30=0,"",+BE30*$AL30) | AZ30: =IF(+BF30*$AL30=0,"",+BF30*$AL30) | BB30: 1037 | BC30: 0 | BD30: 0 | BE30: 0 | BF30: 0 | BG30: =+SUM(BB30:BF30) -> 1037 | BH30: =BG30-AK30 -> 0 | BI30: =IFERROR(IF(ROUND(V30/((D30+AK30)/2),1)<0,0,ROUND(V30/((D30+AK30)/2),1)),0) -> 1.4 | BJ30: =IF(AK30=0,"정상",IF(AP30="악성","악성",IF(AND(BL30>3,BI30<0.5),"악성",IF(AND(AP30="정상",BL30<=3),"정상",IF(BI30>1,"정상","부진"))))) -> 정상 | BK30: 44986 | BL30: =DATEDIF(BK30,$BL$9,"m")+1 -> 43
A31: 제품 | B31: DCT123004 | C31: 데코데코 드로잉패드 PRO - 아바타 포꾸 키트 | D31: 6850 | E31: 11801.886 | F31: 80842917 | G31: 5004 | H31: 12225.922 | I31: 61178514 | J31: 0 | K31: 0 | L31: 0 | M31: 0 | N31: 0 | O31: 0 | P31: 0 | Q31: 0 | R31: 0 | S31: 5004 | T31: 12225.922 | U31: 61178514 | V31: 6864 | W31: 11829.855 | X31: 81200125 | Y31: 0 | Z31: 0 | AA31: 0 | AB31: 14 | AC31: 11802.071 | AD31: 165229 | AE31: 0 | AF31: 0 | AG31: 0 | AH31: 6878 | AI31: 11829.798 | AJ31: 81365354 | AK31: 4976 | AL31: 12189.726 | AM31: 60656077 | AN31: =AM31/$AM$4 -> 0.0057401345 | AO31: =IF(ISERROR(AK31/(D31+S31)),,(AK31/(D31+S31))) -> 0.41977392 | AP31: 정상 | AQ31: =A31 -> 제품 | AR31: =IF($AP31="악성",$AM31,0) -> 0 | AS31: =IF($AP31="부진",$AM31,0) -> 0 | AT31: =IF($AP31="정상",$AM31,0) -> 60656077 | AU31: =SUM(AR31:AT31) -> 60656077 | AV31: =IF(+BB31*$AL31=0,"",+BB31*$AL31) -> 60656077 | AW31: =IF(+BC31*$AL31=0,"",+BC31*$AL31) | AX31: =IF(+BD31*$AL31=0,"",+BD31*$AL31) | AY31: =IF(+BE31*$AL31=0,"",+BE31*$AL31) | AZ31: =IF(+BF31*$AL31=0,"",+BF31*$AL31) | BB31: 4976 | BC31: 0 | BD31: 0 | BE31: 0 | BF31: 0 | BG31: =+SUM(BB31:BF31) -> 4976 | BH31: =BG31-AK31 -> 0 | BI31: =IFERROR(IF(ROUND(V31/((D31+AK31)/2),1)<0,0,ROUND(V31/((D31+AK31)/2),1)),0) -> 1.2 | BJ31: =IF(AK31=0,"정상",IF(AP31="악성","악성",IF(AND(BL31>3,BI31<0.5),"악성",IF(AND(AP31="정상",BL31<=3),"정상",IF(BI31>1,"정상","부진"))))) -> 정상 | BK31: 46235 | BL31: =DATEDIF(BK31,$BL$9,"m")+1 -> 2
A32: 제품 | B32: DCT123005 | C32: 데코데코 인싸젤리 메이킷 | D32: 2761 | E32: 14941.971 | F32: 41254781 | G32: 0 | H32: 0 | I32: 0 | J32: 30972 | K32: 15310.222 | L32: 474188208 | M32: 6 | N32: 15163.833 | O32: 90983 | P32: 0 | Q32: 0 | R32: 0 | S32: 30978 | T32: 15310.194 | U32: 474279191 | V32: 24458 | W32: 15218.555 | X32: 372215408 | Y32: 0 | Z32: 0 | AA32: 0 | AB32: 118 | AC32: 15224.5 | AD32: 1796491 | AE32: 0 | AF32: 0 | AG32: 0 | AH32: 24576 | AI32: 15218.583 | AJ32: 374011899 | AK32: 9163 | AL32: 15444.95 | AM32: 141522073 | AN32: =AM32/$AM$4 -> 0.013392817 | AO32: =IF(ISERROR(AK32/(D32+S32)),,(AK32/(D32+S32))) -> 0.27158481 | AP32: 정상 | AQ32: =A32 -> 제품 | AR32: =IF($AP32="악성",$AM32,0) -> 0 | AS32: =IF($AP32="부진",$AM32,0) -> 0 | AT32: =IF($AP32="정상",$AM32,0) -> 141522073 | AU32: =SUM(AR32:AT32) -> 141522073 | AV32: =IF(+BB32*$AL32=0,"",+BB32*$AL32) -> 1.4152207e+08 | AW32: =IF(+BC32*$AL32=0,"",+BC32*$AL32) | AX32: =IF(+BD32*$AL32=0,"",+BD32*$AL32) | AY32: =IF(+BE32*$AL32=0,"",+BE32*$AL32) | AZ32: =IF(+BF32*$AL32=0,"",+BF32*$AL32) | BB32: 9163 | BC32: 0 | BD32: 0 | BE32: 0 | BF32: 0 | BG32: =+SUM(BB32:BF32) -> 9163 | BH32: =BG32-AK32 -> 0 | BI32: =IFERROR(IF(ROUND(V32/((D32+AK32)/2),1)<0,0,ROUND(V32/((D32+AK32)/2),1)),0) -> 4.1 | BJ32: =IF(AK32=0,"정상",IF(AP32="악성","악성",IF(AND(BL32>3,BI32<0.5),"악성",IF(AND(AP32="정상",BL32<=3),"정상",IF(BI32>1,"정상","부진"))))) -> 정상 | BK32: 46266 | BL32: =DATEDIF(BK32,$BL$9,"m")+1 -> 1
A33: 제품 | B33: DCT123006 | C33: 데코데코 인싸젤리 메이킷 - 과자 키트 | D33: 619 | E33: 10010.625 | F33: 6196576 | G33: 0 | H33: 0 | I33: 0 | J33: 42000 | K33: 9991.917 | L33: 419660512 | M33: 30 | N33: 9980.9333 | O33: 299428 | P33: 0 | Q33: 0 | R33: 0 | S33: 42030 | T33: 9991.9091 | U33: 419959940 | V33: 36570 | W33: 9976.4419 | X33: 364838480 | Y33: 0 | Z33: 0 | AA33: 0 | AB33: 45 | AC33: 9991.4889 | AD33: 449617 | AE33: 0 | AF33: 0 | AG33: 0 | AH33: 36615 | AI33: 9976.4604 | AJ33: 365288097 | AK33: 6034 | AL33: 10087.574 | AM33: 60868419 | AN33: =AM33/$AM$4 -> 0.0057602293 | AO33: =IF(ISERROR(AK33/(D33+S33)),,(AK33/(D33+S33))) -> 0.14148046 | AP33: 정상 | AQ33: =A33 -> 제품 | AR33: =IF($AP33="악성",$AM33,0) -> 0 | AS33: =IF($AP33="부진",$AM33,0) -> 0 | AT33: =IF($AP33="정상",$AM33,0) -> 60868419 | AU33: =SUM(AR33:AT33) -> 60868419 | AV33: =IF(+BB33*$AL33=0,"",+BB33*$AL33) -> 60868420 | AW33: =IF(+BC33*$AL33=0,"",+BC33*$AL33) | AX33: =IF(+BD33*$AL33=0,"",+BD33*$AL33) | AY33: =IF(+BE33*$AL33=0,"",+BE33*$AL33) | AZ33: =IF(+BF33*$AL33=0,"",+BF33*$AL33) | BB33: 6034 | BC33: 0 | BD33: 0 | BE33: 0 | BF33: 0 | BG33: =+SUM(BB33:BF33) -> 6034 | BH33: =BG33-AK33 -> 0 | BI33: =IFERROR(IF(ROUND(V33/((D33+AK33)/2),1)<0,0,ROUND(V33/((D33+AK33)/2),1)),0) -> 11 | BJ33: =IF(AK33=0,"정상",IF(AP33="악성","악성",IF(AND(BL33>3,BI33<0.5),"악성",IF(AND(AP33="정상",BL33<=3),"정상",IF(BI33>1,"정상","부진"))))) -> 정상 | BK33: 46266 | BL33: =DATEDIF(BK33,$BL$9,"m")+1 -> 1
... A38: 제품 | B38: DCT124003 | C38: 데코데코 알바의 달인-버거하우스 | D38: 3649 | E38: 7438.4834 | F38: 27143025 | G38: 5000 | H38: 7257.324 | I38: 36286620 | J38: 0 | K38: 0 | L38: 0 | M38: 4 | N38: 7521.75 | O38: 30087 | P38: 0 | Q38: 0 | R38: 0 | S38: 5004 | T38: 7257.5354 | U38: 36316707 | V38: 7762 | W38: 7335.5486 | X38: 56938528 | Y38: 0 | Z38: 0 | AA38: 0 | AB38: 46 | AC38: 7349.1304 | AD38: 338060 | AE38: 0 | AF38: 0 | AG38: 0 | AH38: 7808 | AI38: 7335.6286 | AJ38: 57276588 | AK38: 845 | AL38: 7317.3308 | AM38: 6183144 | AN38: =AM38/$AM$4 -> 0.0005851364 | AO38: =IF(ISERROR(AK38/(D38+S38)),,(AK38/(D38+S38))) -> 0.097653993 | AP38: 정상 | AQ38: =A38 -> 제품 | AR38: =IF($AP38="악성",$AM38,0) -> 0 | AS38: =IF($AP38="부진",$AM38,0) -> 0 | AT38: =IF($AP38="정상",$AM38,0) -> 6183144 | AU38: =SUM(AR38:AT38) -> 6183144 | AV38: =IF(+BB38*$AL38=0,"",+BB38*$AL38) -> 6183144.5 | AW38: =IF(+BC38*$AL38=0,"",+BC38*$AL38) | AX38: =IF(+BD38*$AL38=0,"",+BD38*$AL38) | AY38: =IF(+BE38*$AL38=0,"",+BE38*$AL38) | AZ38: =IF(+BF38*$AL38=0,"",+BF38*$AL38) | BB38: 845 | BC38: 0 | BD38: 0 | BE38: 0 | BF38: 0 | BG38: =+SUM(BB38:BF38) -> 845 | BH38: =BG38-AK38 -> 0 | BI38: =IFERROR(IF(ROUND(V38/((D38+AK38)/2),1)<0,0,ROUND(V38/((D38+AK38)/2),1)),0) -> 3.5 | BJ38: =IF(AK38=0,"정상",IF(AP38="악성","악성",IF(AND(BL38>3,BI38<0.5),"악성",IF(AND(AP38="정상",BL38<=3),"정상",IF(BI38>1,"정상","부진"))))) -> 정상 | BK38: 45809 | BL38: =DATEDIF(BK38,$BL$9,"m")+1 -> 16
A39: 제품 | B39: DCT124004 | C39: 데코데코 오로라 하이틴 열공템 | D39: 1729 | E39: 4883.0351 | F39: 8442767 | G39: 0 | H39: 0 | I39: 0 | J39: 0 | K39: 0 | L39: 0 | M39: 2 | N39: 4883 | O39: 9766 | P39: 0 | Q39: 0 | R39: 0 | S39: 2 | T39: 4883 | U39: 9766 | V39: 231 | W39: 4883.0736 | X39: 1127990 | Y39: 0 | Z39: 0 | AA39: 0 | AB39: 4 | AC39: 4883.75 | AD39: 19535 | AE39: 0 | AF39: 0 | AG39: 0 | AH39: 235 | AI39: 4883.0851 | AJ39: 1147525 | AK39: 1496 | AL39: 4883.0268 | AM39: 7305008 | AN39: =AM39/$AM$4 -> 0.00069130301 | AO39: =IF(ISERROR(AK39/(D39+S39)),,(AK39/(D39+S39))) -> 0.86424032 | AP39: 부진 | AQ39: 제품 | AR39: =IF($AP39="악성",$AM39,0) -> 0 | AS39: =IF($AP39="부진",$AM39,0) -> 7305008 | AT39: =IF($AP39="정상",$AM39,0) -> 0 | AU39: =SUM(AR39:AT39) -> 7305008 | AV39: =IF(+BB39*$AL39=0,"",+BB39*$AL39) -> 7305008.1 | AW39: =IF(+BC39*$AL39=0,"",+BC39*$AL39) | AX39: =IF(+BD39*$AL39=0,"",+BD39*$AL39) | AY39: =IF(+BE39*$AL39=0,"",+BE39*$AL39) | AZ39: =IF(+BF39*$AL39=0,"",+BF39*$AL39) | BB39: 1496 | BC39: 0 | BD39: 0 | BE39: 0 | BF39: 0 | BG39: =+SUM(BB39:BF39) -> 1496 | BH39: =BG39-AK39 -> 0 | BI39: =IFERROR(IF(ROUND(V39/((D39+AK39)/2),1)<0,0,ROUND(V39/((D39+AK39)/2),1)),0) -> 0.1 | BJ39: =IF(AK39=0,"정상",IF(AP39="악성","악성",IF(AND(BL39>3,BI39<0.5),"악성",IF(AND(AP39="정상",BL39<=3),"정상",IF(BI39>1,"정상","부진"))))) -> 악성 | BK39: 45292 | BL39: =DATEDIF(BK39,$BL$9,"m")+1 -> 33
A40: 제품 | B40: DCT124005 | C40: 데코데코 뽀송젤 마법키트 | D40: 67 | E40: 8543.0957 | F40: 572386 | G40: 0 | H40: 0 | I40: 0 | J40: 10000 | K40: 8916.6155 | L40: 89166155 | M40: 8 | N40: 8893 | O40: 71144 | P40: 0 | Q40: 0 | R40: 0 | S40: 10008 | T40: 8916.5966 | U40: 89237299 | V40: 7854 | W40: 8920.0032 | X40: 70057705 | Y40: 0 | Z40: 0 | AA40: 0 | AB40: 29 | AC40: 8913.1379 | AD40: 258481 | AE40: 0 | AF40: 0 | AG40: 0 | AH40: 7883 | AI40: 8919.9779 | AJ40: 70316186 | AK40: 2192 | AL40: 8893.02 | AM40: 19493499 | AN40: =AM40/$AM$4 -> 0.0018447501 | AO40: =IF(ISERROR(AK40/(D40+S40)),,(AK40/(D40+S40))) -> 0.21756824 | AP40: 정상 | AQ40: 제품 | AR40: =IF($AP40="악성",$AM40,0) -> 0 | AS40: =IF($AP40="부진",$AM40,0) -> 0 | AT40: =IF($AP40="정상",$AM40,0) -> 19493499 | AU40: =SUM(AR40:AT40) -> 19493499 | AV40: =IF(+BB40*$AL40=0,"",+BB40*$AL40) -> 19493500 | AW40: =IF(+BC40*$AL40=0,"",+BC40*$AL40) | AX40: =IF(+BD40*$AL40=0,"",+BD40*$AL40) | AY40: =IF(+BE40*$AL40=0,"",+BE40*$AL40) | AZ40: =IF(+BF40*$AL40=0,"",+BF40*$AL40) | BB40: 2192 | BC40: 0 | BD40: 0 | BE40: 0 | BF40: 0 | BG40: =+SUM(BB40:BF40) -> 2192 | BH40: =BG40-AK40 -> 0 | BI40: =IFERROR(IF(ROUND(V40/((D40+AK40)/2),1)<0,0,ROUND(V40/((D40+AK40)/2),1)),0) -> 7 | BJ40: =IF(AK40=0,"정상",IF(AP40="악성","악성",IF(AND(BL40>3,BI40<0.5),"악성",IF(AND(AP40="정상",BL40<=3),"정상",IF(BI40>1,"정상","부진"))))) -> 정상 | BK40: 45962 | BL40: =DATEDIF(BK40,$BL$9,"m")+1 -> 11
A41: 제품 | B41: DCT124006 | C41: 데코데코 시크릿 트롤리 - 베이비 핑크 | D41: 2705 | E41: 7960.5511 | F41: 21533291 | G41: 3000 | H41: 8400.7887 | I41: 25202366 | J41: 0 | K41: 0 | L41: 0 | M41: 1 | N41: 8192 | O41: 8192 | P41: 0 | Q41: 0 | R41: 0 | S41: 3001 | T41: 8400.7191 | U41: 25210558 | V41: 5434 | W41: 8192.0515 | X41: 44515608 | Y41: 0 | Z41: 0 | AA41: 0 | AB41: 32 | AC41: 8192.3125 | AD41: 262154 | AE41: 0 | AF41: 0 | AG41: 0 | AH41: 5466 | AI41: 8192.0531 | AJ41: 44777762 | AK41: 240 | AL41: 8192.0329 | AM41: 1966087 | AN41: =AM41/$AM$4 -> 0.00018605891 | AO41: =IF(ISERROR(AK41/(D41+S41)),,(AK41/(D41+S41))) -> 0.042060988 | AP41: 정상 | AQ41: 제품 | AR41: =IF($AP41="악성",$AM41,0) -> 0 | AS41: =IF($AP41="부진",$AM41,0) -> 0 | AT41: =IF($AP41="정상",$AM41,0) -> 1966087 | AU41: =SUM(AR41:AT41) -> 1966087 | AV41: =IF(+BB41*$AL41=0,"",+BB41*$AL41) -> 1966087.9 | AW41: =IF(+BC41*$AL41=0,"",+BC41*$AL41) | AX41: =IF(+BD41*$AL41=0,"",+BD41*$AL41) | AY41: =IF(+BE41*$AL41=0,"",+BE41*$AL41) | AZ41: =IF(+BF41*$AL41=0,"",+BF41*$AL41) | BB41: 240 | BC41: 0 | BD41: 0 | BE41: 0 | BF41: 0 | BG41: =+SUM(BB41:BF41) -> 240 | BH41: =BG41-AK41 -> 0 | BI41: =IFERROR(IF(ROUND(V41/((D41+AK41)/2),1)<0,0,ROUND(V41/((D41+AK41)/2),1)),0) -> 3.7 | BJ41: =IF(AK41=0,"정상",IF(AP41="악성","악성",IF(AND(BL41>3,BI41<0.5),"악성",IF(AND(AP41="정상",BL41<=3),"정상",IF(BI41>1,"정상","부진"))))) -> 정상 | BK41: 45352 | BL41: =DATEDIF(BK41,$BL$9,"m")+1 -> 31
A42: 제품 | B42: DCT124007 | C42: 데코데코 시크릿 트롤리 - 파우더 블루 | D42: 6921 | E42: 7948.4869 | F42: 55011478 | G42: 0 | H42: 0 | I42: 0 | J42: 0 | K42: 0 | L42: 0 | M42: 8 | N42: 7948.375 | O42: 63587 | P42: 0 | Q42: 0 | R42: 0 | S42: 8 | T42: 7948.375 | U42: 63587 | V42: 2403 | W42: 7948.4902 | X42: 19100222 | Y42: 0 | Z42: 0 | AA42: 0 | AB42: 32 | AC42: 7948.625 | AD42: 254356 | AE42: 0 | AF42: 0 | AG42: 0 | AH42: 2435 | AI42: 7948.492 | AJ42: 19354578 | AK42: 4494 | AL42: 7948.4842 | AM42: 35720487 | AN42: =AM42/$AM$4 -> 0.0033803769 | AO42: =IF(ISERROR(AK42/(D42+S42)),,(AK42/(D42+S42))) -> 0.64857844 | AP42: 부진 | AQ42: 제품 | AR42: =IF($AP42="악성",$AM42,0) -> 0 | AS42: =IF($AP42="부진",$AM42,0) -> 35720487 | AT42: =IF($AP42="정상",$AM42,0) -> 0 | AU42: =SUM(AR42:AT42) -> 35720487 | AV42: =IF(+BB42*$AL42=0,"",+BB42*$AL42) -> 35720488 | AW42: =IF(+BC42*$AL42=0,"",+BC42*$AL42) | AX42: =IF(+BD42*$AL42=0,"",+BD42*$AL42) | AY42: =IF(+BE42*$AL42=0,"",+BE42*$AL42) | AZ42: =IF(+BF42*$AL42=0,"",+BF42*$AL42) | BB42: 4494 | BC42: 0 | BD42: 0 | BE42: 0 | BF42: 0 | BG42: =+SUM(BB42:BF42) -> 4494 | BH42: =BG42-AK42 -> 0 | BI42: =IFERROR(IF(ROUND(V42/((D42+AK42)/2),1)<0,0,ROUND(V42/((D42+AK42)/2),1)),0) -> 0.4 | BJ42: =IF(AK42=0,"정상",IF(AP42="악성","악성",IF(AND(BL42>3,BI42<0.5),"악성",IF(AND(AP42="정상",BL42<=3),"정상",IF(BI42>1,"정상","부진"))))) -> 악성 | BK42: 45352 | BL42: =DATEDIF(BK42,$BL$9,"m")+1 -> 31
A43: 제품 | B43: DCT124008 | C43: 데코데코팬시 미니 빗자루 세트 | D43: 5095 | E43: 1199.9231 | F43: 6113608 | G43: 0 | H43: 0 | I43: 0 | J43: 0 | K43: 0 | L43: 0 | M43: 1 | N43: 1200 | O43: 1200 | P43: 0 | Q43: 0 | R43: 0 | S43: 1 | T43: 1200 | U43: 1200 | V43: 28 | W43: 1200.0714 | X43: 33602 | Y43: 0 | Z43: 0 | AA43: 0 | AB43: 4280 | AC43: 1199.9229 | AD43: 5135670 | AE43: 0 | AF43: 0 | AG43: 0 | AH43: 4308 | AI43: 1199.9239 | AJ43: 5169272 | AK43: 788 | AL43: 1199.9189 | AM43: 945536 | AN43: =AM43/$AM$4 -> 8.9479968e-05 | AO43: =IF(ISERROR(AK43/(D43+S43)),,(AK43/(D43+S43))) -> 0.15463108 | AP43: 부진 | AQ43: 제품 | AR43: =IF($AP43="악성",$AM43,0) -> 0 | AS43: =IF($AP43="부진",$AM43,0) -> 945536 | AT43: =IF($AP43="정상",$AM43,0) -> 0 | AU43: =SUM(AR43:AT43) -> 945536 | AV43: =IF(+BB43*$AL43=0,"",+BB43*$AL43) -> 945536.09 | AW43: =IF(+BC43*$AL43=0,"",+BC43*$AL43) | AX43: =IF(+BD43*$AL43=0,"",+BD43*$AL43) | AY43: =IF(+BE43*$AL43=0,"",+BE43*$AL43) | AZ43: =IF(+BF43*$AL43=0,"",+BF43*$AL43) | BB43: 788 | BC43: 0 | BD43: 0 | BE43: 0 | BF43: 0 | BG43: =+SUM(BB43:BF43) -> 788 | BH43: =BG43-AK43 -> 0 | BI43: =IFERROR(IF(ROUND(V43/((D43+AK43)/2),1)<0,0,ROUND(V43/((D43+AK43)/2),1)),0) -> 0 | BJ43: =IF(AK43=0,"정상",IF(AP43="악성","악성",IF(AND(BL43>3,BI43<0.5),"악성",IF(AND(AP43="정상",BL43<=3),"정상",IF(BI43>1,"정상","부진"))))) -> 악성 | BK43: 45444 | BL43: =DATEDIF(BK43,$BL$9,"m")+1 -> 28
A44: 제품 | B44: DCT124009 | C44: 데코데코팬시 데스크 청소기 | D44: 5293 | E44: 2768.2764 | F44: 14652486 | G44: 0 | H44: 0 | I44: 0 | J44: 0 | K44: 0 | L44: 0 | M44: 0 | N44: 0 | O44: 0 | P44: 0 | Q44: 0 | R44: 0 | S44: 0 | T44: 0 | U44: 0 | V44: 96 | W44: 2768.3333 | X44: 265760 | Y44: 0 | Z44: 0 | AA44: 0 | AB44: 5071 | AC44: 2768.2761 | AD44: 14037928 | AE44: 0 | AF44: 0 | AG44: 0 | AH44: 5167 | AI44: 2768.2771 | AJ44: 14303688 | AK44: 126 | AL44: 2768.244 | AM44: 348798 | AN44: =AM44/$AM$4 -> 3.3008192e-05 | AO44: =IF(ISERROR(AK44/(D44+S44)),,(AK44/(D44+S44))) -> 0.023805026 | AP44: 부진 | AQ44: 제품 | AR44: =IF($AP44="악성",$AM44,0) -> 0 | AS44: =IF($AP44="부진",$AM44,0) -> 348798 | AT44: =IF($AP44="정상",$AM44,0) -> 0 | AU44: =SUM(AR44:AT44) -> 348798 | AV44: =IF(+BB44*$AL44=0,"",+BB44*$AL44) -> 348798.74 | AW44: =IF(+BC44*$AL44=0,"",+BC44*$AL44) | AX44: =IF(+BD44*$AL44=0,"",+BD44*$AL44) | AY44: =IF(+BE44*$AL44=0,"",+BE44*$AL44) | AZ44: =IF(+BF44*$AL44=0,"",+BF44*$AL44) | BB44: 126 | BC44: 0 | BD44: 0 | BE44: 0 | BF44: 0 | BG44: =+SUM(BB44:BF44) -> 126 | BH44: =BG44-AK44 -> 0 | BI44: =IFERROR(IF(ROUND(V44/((D44+AK44)/2),1)<0,0,ROUND(V44/((D44+AK44)/2),1)),0) -> 0 | BJ44: =IF(AK44=0,"정상",IF(AP44="악성","악성",IF(AND(BL44>3,BI44<0.5),"악성",IF(AND(AP44="정상",BL44<=3),"정상",IF(BI44>1,"정상","부진"))))) -> 악성 | BK44: 45474 | BL44: =DATEDIF(BK44,$BL$9,"m")+1 -> 27
A45: 제품 | B45: DCT124010 | C45: 데코데코팬시 포토앨범 | D45: 5362 | E45: 1896.4339 | F45: 10168679 | G45: 0 | H45: 0 | I45: 0 | J45: 0 | K45: 0 | L45: 0 | M45: 0 | N45: 0 | O45: 0 | P45: 0 | Q45: 0 | R45: 0 | S45: 0 | T45: 0 | U45: 0 | V45: -4 | W45: 1895.5 | X45: -7582 | Y45: 0 | Z45: 0 | AA45: 0 | AB45: 5366 | AC45: 1896.4333 | AD45: 10176261 | AE45: 0 | AF45: 0 | AG45: 0 | AH45: 5362 | AI45: 1896.434 | AJ45: 10168679 | AK45: 0 | AL45: 0 | AM45: 0 | AN45: =AM45/$AM$4 -> 0 | AO45: =IF(ISERROR(AK45/(D45+S45)),,(AK45/(D45+S45))) -> 0 | AP45: 악성 | AQ45: 제품 | AR45: =IF($AP45="악성",$AM45,0) -> 0 | AS45: =IF($AP45="부진",$AM45,0) -> 0 | AT45: =IF($AP45="정상",$AM45,0) -> 0 | AU45: =SUM(AR45:AT45) -> 0 | AV45: =IF(+BB45*$AL45=0,"",+BB45*$AL45) | AW45: =IF(+BC45*$AL45=0,"",+BC45*$AL45) | AX45: =IF(+BD45*$AL45=0,"",+BD45*$AL45) | AY45: =IF(+BE45*$AL45=0,"",+BE45*$AL45) | AZ45: =IF(+BF45*$AL45=0,"",+BF45*$AL45) | BB45: 0 | BC45: 0 | BD45: 0 | BE45: 0 | BF45: 0 | BG45: =+SUM(BB45:BF45) -> 0 | BH45: =BG45-AK45 -> 0 | BI45: =IFERROR(IF(ROUND(V45/((D45+AK45)/2),1)<0,0,ROUND(V45/((D45+AK45)/2),1)),0) -> 0 | BJ45: =IF(AK45=0,"정상",IF(AP45="악성","악성",IF(AND(BL45>3,BI45<0.5),"악성",IF(AND(AP45="정상",BL45<=3),"정상",IF(BI45>1,"정상","부진"))))) -> 정상 | BK45: 45474 | BL45: =DATEDIF(BK45,$BL$9,"m")+1 -> 27
A46: 제품 | B46: DCT124011 | C46: 데코데코팬시 투명 파우치 | D46: 5405 | E46: 2193.7433 | F46: 11857182 | G46: 0 | H46: 0 | I46: 0 | J46: 0 | K46: 0 | L46: 0 | M46: 0 | N46: 0 | O46: 0 | P46: 0 | Q46: 0 | R46: 0 | S46: 0 | T46: 0 | U46: 0 | V46: 33 | W46: 2193.8182 | X46: 72396 | Y46: 0 | Z46: 0 | AA46: 0 | AB46: 5206 | AC46: 2193.7432 | AD46: 11420627 | AE46: 0 | AF46: 0 | AG46: 0 | AH46: 5239 | AI46: 2193.7437 | AJ46: 11493023 | AK46: 166 | AL46: 2193.7305 | AM46: 364159 | AN46: =AM46/$AM$4 -> 3.4461867e-05 | AO46: =IF(ISERROR(AK46/(D46+S46)),,(AK46/(D46+S46))) -> 0.030712303 | AP46: 부진 | AQ46: 제품 | AR46: =IF($AP46="악성",$AM46,0) -> 0 | AS46: =IF($AP46="부진",$AM46,0) -> 364159 | AT46: =IF($AP46="정상",$AM46,0) -> 0 | AU46: =SUM(AR46:AT46) -> 364159 | AV46: =IF(+BB46*$AL46=0,"",+BB46*$AL46) -> 364159.26 | AW46: =IF(+BC46*$AL46=0,"",+BC46*$AL46) | AX46: =IF(+BD46*$AL46=0,"",+BD46*$AL46) | AY46: =IF(+BE46*$AL46=0,"",+BE46*$AL46) | AZ46: =IF(+BF46*$AL46=0,"",+BF46*$AL46) | BB46: 166 | BC46: 0 | BD46: 0 | BE46: 0 | BF46: 0 | BG46: =+SUM(BB46:BF46) -> 166 | BH46: =BG46-AK46 -> 0 | BI46: =IFERROR(IF(ROUND(V46/((D46+AK46)/2),1)<0,0,ROUND(V46/((D46+AK46)/2),1)),0) -> 0 | BJ46: =IF(AK46=0,"정상",IF(AP46="악성","악성",IF(AND(BL46>3,BI46<0.5),"악성",IF(AND(AP46="정상",BL46<=3),"정상",IF(BI46>1,"정상","부진"))))) -> 악성 | BK46: 45474 | BL46: =DATEDIF(BK46,$BL$9,"m")+1 -> 27
A47: 제품 | B47: DCT124012 | C47: 데코데코팬시 인형키링_체리 | D47: 5389 | E47: 2035.081 | F47: 10967052 | G47: 0 | H47: 0 | I47: 0 | J47: 0 | K47: 0 | L47: 0 | M47: 0 | N47: 0 | O47: 0 | P47: 0 | Q47: 0 | R47: 0 | S47: 0 | T47: 0 | U47: 0 | V47: 376 | W47: 2035.1011 | X47: 765198 | Y47: 0 | Z47: 0 | AA47: 0 | AB47: 4903 | AC47: 2035.0812 | AD47: 9978003 | AE47: 0 | AF47: 0 | AG47: 0 | AH47: 5279 | AI47: 2035.0826 | AJ47: 10743201 | AK47: 110 | AL47: 2035.0175 | AM47: 223851 | AN47: =AM47/$AM$4 -> 2.1183943e-05 | AO47: =IF(ISERROR(AK47/(D47+S47)),,(AK47/(D47+S47))) -> 0.02041195 | AP47: 부진 | AQ47: 제품 | AR47: =IF($AP47="악성",$AM47,0) -> 0 | AS47: =IF($AP47="부진",$AM47,0) -> 223851 | AT47: =IF($AP47="정상",$AM47,0) -> 0 | AU47: =SUM(AR47:AT47) -> 223851 | AV47: =IF(+BB47*$AL47=0,"",+BB47*$AL47) -> 223851.92 | AW47: =IF(+BC47*$AL47=0,"",+BC47*$AL47) | AX47: =IF(+BD47*$AL47=0,"",+BD47*$AL47) | AY47: =IF(+BE47*$AL47=0,"",+BE47*$AL47) | AZ47: =IF(+BF47*$AL47=0,"",+BF47*$AL47) | BB47: 110 | BC47: 0 | BD47: 0 | BE47: 0 | BF47: 0 | BG47: =+SUM(BB47:BF47) -> 110 | BH47: =BG47-AK47 -> 0 | BI47: =IFERROR(IF(ROUND(V47/((D47+AK47)/2),1)<0,0,ROUND(V47/((D47+AK47)/2),1)),0) -> 0.1 | BJ47: =IF(AK47=0,"정상",IF(AP47="악성","악성",IF(AND(BL47>3,BI47<0.5),"악성",IF(AND(AP47="정상",BL47<=3),"정상",IF(BI47>1,"정상","부진"))))) -> 악성 | BK47: 45474 | BL47: =DATEDIF(BK47,$BL$9,"m")+1 -> 27
A48: 제품 | B48: DCT124013 | C48: 데코데코팬시 인형키링_포도 | D48: 5383 | E48: 2034.9916 | F48: 10954360 | G48: 0 | H48: 0 | I48: 0 | J48: 0 | K48: 0 | L48: 0 | M48: 0 | N48: 0 | O48: 0 | P48: 0 | Q48: 0 | R48: 0 | S48: 0 | T48: 0 | U48: 0 | V48: 260 | W48: 2035.0038 | X48: 529101 | Y48: 0 | Z48: 0 | AA48: 0 | AB48: 4854 | AC48: 2034.9911 | AD48: 9877847 | AE48: 0 | AF48: 0 | AG48: 0 | AH48: 5114 | AI48: 2034.9918 | AJ48: 10406948 | AK48: 269 | AL48: 2034.9888 | AM48: 547412 | AN48: =AM48/$AM$4 -> 5.1803853e-05 | AO48: =IF(ISERROR(AK48/(D48+S48)),,(AK48/(D48+S48))) -> 0.049972134 | AP48: 부진 | AQ48: =A48 -> 제품 | AR48: =IF($AP48="악성",$AM48,0) -> 0 | AS48: =IF($AP48="부진",$AM48,0) -> 547412 | AT48: =IF($AP48="정상",$AM48,0) -> 0 | AU48: =SUM(AR48:AT48) -> 547412 | AV48: =IF(+BB48*$AL48=0,"",+BB48*$AL48) -> 547411.99 | AW48: =IF(+BC48*$AL48=0,"",+BC48*$AL48) | AX48: =IF(+BD48*$AL48=0,"",+BD48*$AL48) | AY48: =IF(+BE48*$AL48=0,"",+BE48*$AL48) | AZ48: =IF(+BF48*$AL48=0,"",+BF48*$AL48) | BB48: 269 | BC48: 0 | BD48: 0 | BE48: 0 | BF48: 0 | BG48: =+SUM(BB48:BF48) -> 269 | BH48: =BG48-AK48 -> 0 | BI48: =IFERROR(IF(ROUND(V48/((D48+AK48)/2),1)<0,0,ROUND(V48/((D48+AK48)/2),1)),0) -> 0.1 | BJ48: =IF(AK48=0,"정상",IF(AP48="악성","악성",IF(AND(BL48>3,BI48<0.5),"악성",IF(AND(AP48="정상",BL48<=3),"정상",IF(BI48>1,"정상","부진"))))) -> 악성 | BK48: 45474 | BL48: =DATEDIF(BK48,$BL$9,"m")+1 -> 27
A49: 제품 | B49: DCT124014 | C49: 요요유니 라떼 글리터 슬라임 만들기 | D49: 0 | E49: 0 | F49: 0 | G49: 0 | H49: 0 | I49: 0 | J49: 9000 | K49: 5060.8489 | L49: 45547640 | M49: 0 | N49: 0 | O49: 0 | P49: 0 | Q49: 0 | R49: 0 | S49: 9000 | T49: 5060.8489 | U49: 45547640 | V49: 9000 | W49: 5060.8489 | X49: 45547640 | Y49: 0 | Z49: 0 | AA49: 0 | AB49: 0 | AC49: 0 | AD49: 0 | AE49: 0 | AF49: 0 | AG49: 0 | AH49: 9000 | AI49: 5060.8489 | AJ49: 45547640 | AK49: 0 | AL49: 0 | AM49: 0 | AN49: =AM49/$AM$4 -> 0 | AO49: =IF(ISERROR(AK49/(D49+S49)),,(AK49/(D49+S49))) -> 0 | AP49: 정상 | AQ49: =A49 -> 제품 | AR49: =IF($AP49="악성",$AM49,0) -> 0 | AS49: =IF($AP49="부진",$AM49,0) -> 0 | AT49: =IF($AP49="정상",$AM49,0) -> 0 | AU49: =SUM(AR49:AT49) -> 0 | AV49: =IF(+BB49*$AL49=0,"",+BB49*$AL49) | AW49: =IF(+BC49*$AL49=0,"",+BC49*$AL49) | AX49: =IF(+BD49*$AL49=0,"",+BD49*$AL49) | AY49: =IF(+BE49*$AL49=0,"",+BE49*$AL49) | AZ49: =IF(+BF49*$AL49=0,"",+BF49*$AL49) | BB49: 0 | BC49: 0 | BD49: 0 | BE49: 0 | BF49: 0 | BG49: =+SUM(BB49:BF49) -> 0 | BH49: =BG49-AK49 -> 0 | BI49: =IFERROR(IF(ROUND(V49/((D49+AK49)/2),1)<0,0,ROUND(V49/((D49+AK49)/2),1)),0) -> 0 | BJ49: =IF(AK49=0,"정상",IF(AP49="악성","악성",IF(AND(BL49>3,BI49<0.5),"악성",IF(AND(AP49="정상",BL49<=3),"정상",IF(BI49>1,"정상","부진"))))) -> 정상 | BK49: 46174 | BL49: =DATEDIF(BK49,$BL$9,"m")+1 -> 4
A50: 제품 | B50: DCT124015 | C50: 데코데코팬시 인형키링_레몬 | D50: 5399 | E50: 2035.0807 | F50: 10987400 | G50: 0 | H50: 0 | I50: 0 | J50: 0 | K50: 0 | L50: 0 | M50: 0 | N50: 0 | O50: 0 | P50: 0 | Q50: 0 | R50: 0 | S50: 0 | T50: 0 | U50: 0 | V50: 260 | W50: 2035.0962 | X50: 529125 | Y50: 0 | Z50: 0 | AA50: 0 | AB50: 4896 | AC50: 2035.0807 | AD50: 9963755 | AE50: 0 | AF50: 0 | AG50: 0 | AH50: 5156 | AI50: 2035.0815 | AJ50: 10492880 | AK50: 243 | AL50: 2035.0617 | AM50: 494520 | AN50: =AM50/$AM$4 -> 4.6798465e-05 | AO50: =IF(ISERROR(AK50/(D50+S50)),,(AK50/(D50+S50))) -> 0.045008335 | AP50: 부진 | AQ50: =A50 -> 제품 | AR50: =IF($AP50="악성",$AM50,0) -> 0 | AS50: =IF($AP50="부진",$AM50,0) -> 494520 | AT50: =IF($AP50="정상",$AM50,0) -> 0 | AU50: =SUM(AR50:AT50) -> 494520 | AV50: =IF(+BB50*$AL50=0,"",+BB50*$AL50) -> 494519.99 | AW50: =IF(+BC50*$AL50=0,"",+BC50*$AL50) | AX50: =IF(+BD50*$AL50=0,"",+BD50*$AL50) | AY50: =IF(+BE50*$AL50=0,"",+BE50*$AL50) | AZ50: =IF(+BF50*$AL50=0,"",+BF50*$AL50) | BB50: 243 | BC50: 0 | BD50: 0 | BE50: 0 | BF50: 0 | BG50: =+SUM(BB50:BF50) -> 243 | BH50: =BG50-AK50 -> 0 | BI50: =IFERROR(IF(ROUND(V50/((D50+AK50)/2),1)<0,0,ROUND(V50/((D50+AK50)/2),1)),0) -> 0.1 | BJ50: =IF(AK50=0,"정상",IF(AP50="악성","악성",IF(AND(BL50>3,BI50<0.5),"악성",IF(AND(AP50="정상",BL50<=3),"정상",IF(BI50>1,"정상","부진"))))) -> 악성 | BK50: 45474 | BL50: =DATEDIF(BK50,$BL$9,"m")+1 -> 27
A51: 제품 | B51: DCT124016 | C51: 데코데코팬시 인형키링_소다 | D51: 5333 | E51: 2441.3017 | F51: 13019462 | G51: 0 | H51: 0 | I51: 0 | J51: 0 | K51: 0 | L51: 0 | M51: 0 | N51: 0 | O51: 0 | P51: 0 | Q51: 0 | R51: 0 | S51: 0 | T51: 0 | U51: 0 | V51: 298 | W51: 2441.3255 | X51: 727515 | Y51: 0 | Z51: 0 | AA51: 0 | AB51: 4779 | AC51: 2441.3015 | AD51: 11666980 | AE51: 0 | AF51: 0 | AG51: 0 | AH51: 5077 | AI51: 2441.3029 | AJ51: 12394495 | AK51: 256 | AL51: 2441.2801 | AM51: 624967 | AN51: =AM51/$AM$4 -> 5.9143203e-05 | AO51: =IF(ISERROR(AK51/(D51+S51)),,(AK51/(D51+S51))) -> 0.048003 | AP51: 부진 | AQ51: =A51 -> 제품 | AR51: =IF($AP51="악성",$AM51,0) -> 0 | AS51: =IF($AP51="부진",$AM51,0) -> 624967 | AT51: =IF($AP51="정상",$AM51,0) -> 0 | AU51: =SUM(AR51:AT51) -> 624967 | AV51: =IF(+BB51*$AL51=0,"",+BB51*$AL51) -> 624967.71 | AW51: =IF(+BC51*$AL51=0,"",+BC51*$AL51) | AX51: =IF(+BD51*$AL51=0,"",+BD51*$AL51) | AY51: =IF(+BE51*$AL51=0,"",+BE51*$AL51) | AZ51: =IF(+BF51*$AL51=0,"",+BF51*$AL51) | BB51: 256 | BC51: 0 | BD51: 0 | BE51: 0 | BF51: 0 | BG51: =+SUM(BB51:BF51) -> 256 | BH51: =BG51-AK51 -> 0 | BI51: =IFERROR(IF(ROUND(V51/((D51+AK51)/2),1)<0,0,ROUND(V51/((D51+AK51)/2),1)),0) -> 0.1 | BJ51: =IF(AK51=0,"정상",IF(AP51="악성","악성",IF(AND(BL51>3,BI51<0.5),"악성",IF(AND(AP51="정상",BL51<=3),"정상",IF(BI51>1,"정상","부진"))))) -> 악성 | BK51: 45474 | BL51: =DATEDIF(BK51,$BL$9,"m")+1 -> 27
A52: 제품 | B52: DCT124017 | C52: 데코데코팬시 펜 파우치 | D52: 5380 | E52: 3252.5512 | F52: 17498725 | G52: 0 | H52: 0 | I52: 0 | J52: 0 | K52: 0 | L52: 0 | M52: 0 | N52: 0 | O52: 0 | P52: 0 | Q52: 0 | R52: 0 | S52: 0 | T52: 0 | U52: 0 | V52: 65 | W52: 3252.6154 | X52: 211420 | Y52: 0 | Z52: 0 | AA52: 0 | AB52: 5315 | AC52: 3252.5503 | AD52: 17287305 | AE52: 0 | AF52: 0 | AG52: 0 | AH52: 5380 | AI52: 3252.5511 | AJ52: 17498725 | AK52: 0 | AL52: 0 | AM52: 0 | AN52: =AM52/$AM$4 -> 0 | AO52: =IF(ISERROR(AK52/(D52+S52)),,(AK52/(D52+S52))) -> 0 | AP52: 부진 | AQ52: =A52 -> 제품 | AR52: =IF($AP52="악성",$AM52,0) -> 0 | AS52: =IF($AP52="부진",$AM52,0) -> 0 | AT52: =IF($AP52="정상",$AM52,0) -> 0 | AU52: =SUM(AR52:AT52) -> 0 | AV52: =IF(+BB52*$AL52=0,"",+BB52*$AL52) | AW52: =IF(+BC52*$AL52=0,"",+BC52*$AL52) | AX52: =IF(+BD52*$AL52=0,"",+BD52*$AL52) | AY52: =IF(+BE52*$AL52=0,"",+BE52*$AL52) | AZ52: =IF(+BF52*$AL52=0,"",+BF52*$AL52) | BB52: 0 | BC52: 0 | BD52: 0 | BE52: 0 | BF52: 0 | BG52: =+SUM(BB52:BF52) -> 0 | BH52: =BG52-AK52 -> 0 | BI52: =IFERROR(IF(ROUND(V52/((D52+AK52)/2),1)<0,0,ROUND(V52/((D52+AK52)/2),1)),0) -> 0 | BJ52: =IF(AK52=0,"정상",IF(AP52="악성","악성",IF(AND(BL52>3,BI52<0.5),"악성",IF(AND(AP52="정상",BL52<=3),"정상",IF(BI52>1,"정상","부진"))))) -> 정상 | BK52: 45444 | BL52: =DATEDIF(BK52,$BL$9,"m")+1 -> 28
A53: 제품 | B53: DCT124018 | C53: 데코데코팬시 스마트그립 | D53: 5380 | E53: 985.6511 | F53: 5302803 | G53: 0 | H53: 0 | I53: 0 | J53: 0 | K53: 0 | L53: 0 | M53: 0 | N53: 0 | O53: 0 | P53: 0 | Q53: 0 | R53: 0 | S53: 0 | T53: 0 | U53: 0 | V53: -5 | W53: 985.4 | X53: -4927 | Y53: 0 | Z53: 0 | AA53: 0 | AB53: 4436 | AC53: 985.65171 | AD53: 4372351 | AE53: 0 | AF53: 0 | AG53: 0 | AH53: 4431 | AI53: 985.652 | AJ53: 4367424 | AK53: 949 | AL53: 985.6481 | AM53: 935379 | AN53: =AM53/$AM$4 -> 8.8518769e-05 | AO53: =IF(ISERROR(AK53/(D53+S53)),,(AK53/(D53+S53))) -> 0.17639405 | AP53: 악성 | AQ53: =A53 -> 제품 | AR53: =IF($AP53="악성",$AM53,0) -> 935379 | AS53: =IF($AP53="부진",$AM53,0) -> 0 | AT53: =IF($AP53="정상",$AM53,0) -> 0 | AU53: =SUM(AR53:AT53) -> 935379 | AV53: =IF(+BB53*$AL53=0,"",+BB53*$AL53) -> 935380.05 | AW53: =IF(+BC53*$AL53=0,"",+BC53*$AL53) | AX53: =IF(+BD53*$AL53=0,"",+BD53*$AL53) | AY53: =IF(+BE53*$AL53=0,"",+BE53*$AL53) | AZ53: =IF(+BF53*$AL53=0,"",+BF53*$AL53) | BB53: 949 | BC53: 0 | BD53: 0 | BE53: 0 | BF53: 0 | BG53: =+SUM(BB53:BF53) -> 949 | BH53: =BG53-AK53 -> 0 | BI53: =IFERROR(IF(ROUND(V53/((D53+AK53)/2),1)<0,0,ROUND(V53/((D53+AK53)/2),1)),0) -> 0 | BJ53: =IF(AK53=0,"정상",IF(AP53="악성","악성",IF(AND(BL53>3,BI53<0.5),"악성",IF(AND(AP53="정상",BL53<=3),"정상",IF(BI53>1,"정상","부진"))))) -> 악성 | BK53: 45444 | BL53: =DATEDIF(BK53,$BL$9,"m")+1 -> 28
A54: 제품 | B54: DCT124019 | C54: 데코데코팬시 짝꿍 자석키링 | D54: 5363 | E54: 1457.0497 | F54: 7814158 | G54: 0 | H54: 0 | I54: 0 | J54: 0 | K54: 0 | L54: 0 | M54: 0 | N54: 0 | O54: 0 | P54: 0 | Q54: 0 | R54: 0 | S54: 0 | T54: 0 | U54: 0 | V54: 1 | W54: 1457 | X54: 1457 | Y54: 0 | Z54: 0 | AA54: 0 | AB54: 5362 | AC54: 1457.0498 | AD54: 7812701 | AE54: 0 | AF54: 0 | AG54: 0 | AH54: 5363 | AI54: 1457.0498 | AJ54: 7814158 | AK54: 0 | AL54: 0 | AM54: 0 | AN54: =AM54/$AM$4 -> 0 | AO54: =IF(ISERROR(AK54/(D54+S54)),,(AK54/(D54+S54))) -> 0 | AP54: 부진 | AQ54: =A54 -> 제품 | AR54: =IF($AP54="악성",$AM54,0) -> 0 | AS54: =IF($AP54="부진",$AM54,0) -> 0 | AT54: =IF($AP54="정상",$AM54,0) -> 0 | AU54: =SUM(AR54:AT54) -> 0 | AV54: =IF(+BB54*$AL54=0,"",+BB54*$AL54) | AW54: =IF(+BC54*$AL54=0,"",+BC54*$AL54) | AX54: =IF(+BD54*$AL54=0,"",+BD54*$AL54) | AY54: =IF(+BE54*$AL54=0,"",+BE54*$AL54) | AZ54: =IF(+BF54*$AL54=0,"",+BF54*$AL54) | BB54: 0 | BC54: 0 | BD54: 0 | BE54: 0 | BF54: 0 | BG54: =+SUM(BB54:BF54) -> 0 | BH54: =BG54-AK54 -> 0 | BI54: =IFERROR(IF(ROUND(V54/((D54+AK54)/2),1)<0,0,ROUND(V54/((D54+AK54)/2),1)),0) -> 0 | BJ54: =IF(AK54=0,"정상",IF(AP54="악성","악성",IF(AND(BL54>3,BI54<0.5),"악성",IF(AND(AP54="정상",BL54<=3),"정상",IF(BI54>1,"정상","부진"))))) -> 정상 | BK54: 45444 | BL54: =DATEDIF(BK54,$BL$9,"m")+1 -> 28
A55: 제품 | B55: DCT124020 | C55: 데코데코팬시 아크릴집게 세트 | D55: 5317 | E55: 1099.9296 | F55: 5848326 | G55: 0 | H55: 0 | I55: 0 | J55: 0 | K55: 0 | L55: 0 | M55: 0 | N55: 0 | O55: 0 | P55: 0 | Q55: 0 | R55: 0 | S55: 0 | T55: 0 | U55: 0 | V55: 27 | W55: 1100.037 | X55: 29701 | Y55: 0 | Z55: 0 | AA55: 0 | AB55: 5290 | AC55: 1099.9291 | AD55: 5818625 | AE55: 0 | AF55: 0 | AG55: 0 | AH55: 5317 | AI55: 1099.9297 | AJ55: 5848326 | AK55: 0 | AL55: 0 | AM55: 0 | AN55: =AM55/$AM$4 -> 0 | AO55: =IF(ISERROR(AK55/(D55+S55)),,(AK55/(D55+S55))) -> 0 | AP55: 부진 | AQ55: =A55 -> 제품 | AR55: =IF($AP55="악성",$AM55,0) -> 0 | AS55: =IF($AP55="부진",$AM55,0) -> 0 | AT55: =IF($AP55="정상",$AM55,0) -> 0 | AU55: =SUM(AR55:AT55) -> 0 | AV55: =IF(+BB55*$AL55=0,"",+BB55*$AL55) | AW55: =IF(+BC55*$AL55=0,"",+BC55*$AL55) | AX55: =IF(+BD55*$AL55=0,"",+BD55*$AL55) | AY55: =IF(+BE55*$AL55=0,"",+BE55*$AL55) | AZ55: =IF(+BF55*$AL55=0,"",+BF55*$AL55) | BB55: 0 | BC55: 0 | BD55: 0 | BE55: 0 | BF55: 0 | BG55: =+SUM(BB55:BF55) -> 0 | BH55: =BG55-AK55 -> 0 | BI55: =IFERROR(IF(ROUND(V55/((D55+AK55)/2),1)<0,0,ROUND(V55/((D55+AK55)/2),1)),0) -> 0 | BJ55: =IF(AK55=0,"정상",IF(AP55="악성","악성",IF(AND(BL55>3,BI55<0.5),"악성",IF(AND(AP55="정상",BL55<=3),"정상",IF(BI55>1,"정상","부진"))))) -> 정상 | BK55: 45444 | BL55: =DATEDIF(BK55,$BL$9,"m")+1 -> 28
A56: 제품 | B56: DCT124021 | C56: 데코데코팬시 젤리 스티커1_체리&레몬 | D56: 4846 | E56: 290 | F56: 1405340 | G56: 0 | H56: 0 | I56: 0 | J56: 0 | K56: 0 | L56: 0 | M56: 5 | N56: 290 | O56: 1450 | P56: 0 | Q56: 0 | R56: 0 | S56: 5 | T56: 290 | U56: 1450 | V56: 13 | W56: 290 | X56: 3770 | Y56: 0 | Z56: 0 | AA56: 0 | AB56: 4128 | AC56: 290 | AD56: 1197120 | AE56: 0 | AF56: 0 | AG56: 0 | AH56: 4141 | AI56: 290 | AJ56: 1200890 | AK56: 710 | AL56: 290 | AM56: 205900 | AN56: =AM56/$AM$4 -> 1.9485165e-05 | AO56: =IF(ISERROR(AK56/(D56+S56)),,(AK56/(D56+S56))) -> 0.14636157 | AP56: 부진 | AQ56: =A56 -> 제품 | AR56: =IF($AP56="악성",$AM56,0) -> 0 | AS56: =IF($AP56="부진",$AM56,0) -> 205900 | AT56: =IF($AP56="정상",$AM56,0) -> 0 | AU56: =SUM(AR56:AT56) -> 205900 | AV56: =IF(+BB56*$AL56=0,"",+BB56*$AL56) -> 205900 | AW56: =IF(+BC56*$AL56=0,"",+BC56*$AL56) | AX56: =IF(+BD56*$AL56=0,"",+BD56*$AL56) | AY56: =IF(+BE56*$AL56=0,"",+BE56*$AL56) | AZ56: =IF(+BF56*$AL56=0,"",+BF56*$AL56) | BB56: 710 | BC56: 0 | BD56: 0 | BE56: 0 | BF56: 0 | BG56: =+SUM(BB56:BF56) -> 710 | BH56: =BG56-AK56 -> 0 | BI56: =IFERROR(IF(ROUND(V56/((D56+AK56)/2),1)<0,0,ROUND(V56/((D56+AK56)/2),1)),0) -> 0 | BJ56: =IF(AK56=0,"정상",IF(AP56="악성","악성",IF(AND(BL56>3,BI56<0.5),"악성",IF(AND(AP56="정상",BL56<=3),"정상",IF(BI56>1,"정상","부진"))))) -> 악성 | BK56: 45444 | BL56: =DATEDIF(BK56,$BL$9,"m")+1 -> 28
A57: 제품 | B57: DCT124022 | C57: 데코데코팬시 젤리 스티커1_포도&소다 | D57: 4952 | E57: 290 | F57: 1436080 | G57: 0 | H57: 0 | I57: 0 | J57: 0 | K57: 0 | L57: 0 | M57: 0 | N57: 0 | O57: 0 | P57: 0 | Q57: 0 | R57: 0 | S57: 0 | T57: 0 | U57: 0 | V57: 177 | W57: 290 | X57: 51330 | Y57: 0 | Z57: 0 | AA57: 0 | AB57: 3873 | AC57: 290 | AD57: 1123170 | AE57: 0 | AF57: 0 | AG57: 0 | AH57: 4050 | AI57: 290 | AJ57: 1174500 | AK57: 902 | AL57: 290 | AM57: 261580 | AN57: =AM57/$AM$4 -> 2.4754393e-05 | AO57: =IF(ISERROR(AK57/(D57+S57)),,(AK57/(D57+S57))) -> 0.18214863 | AP57: 부진 | AQ57: =A57 -> 제품 | AR57: =IF($AP57="악성",$AM57,0) -> 0 | AS57: =IF($AP57="부진",$AM57,0) -> 261580 | AT57: =IF($AP57="정상",$AM57,0) -> 0 | AU57: =SUM(AR57:AT57) -> 261580 | AV57: =IF(+BB57*$AL57=0,"",+BB57*$AL57) -> 261580 | AW57: =IF(+BC57*$AL57=0,"",+BC57*$AL57) | AX57: =IF(+BD57*$AL57=0,"",+BD57*$AL57) | AY57: =IF(+BE57*$AL57=0,"",+BE57*$AL57) | AZ57: =IF(+BF57*$AL57=0,"",+BF57*$AL57) | BB57: 902 | BC57: 0 | BD57: 0 | BE57: 0 | BF57: 0 | BG57: =+SUM(BB57:BF57) -> 902 | BH57: =BG57-AK57 -> 0 | BI57: =IFERROR(IF(ROUND(V57/((D57+AK57)/2),1)<0,0,ROUND(V57/((D57+AK57)/2),1)),0) -> 0.1 | BJ57: =IF(AK57=0,"정상",IF(AP57="악성","악성",IF(AND(BL57>3,BI57<0.5),"악성",IF(AND(AP57="정상",BL57<=3),"정상",IF(BI57>1,"정상","부진"))))) -> 악성 | BK57: 45444 | BL57: =DATEDIF(BK57,$BL$9,"m")+1 -> 28
A58: 제품 | B58: DCT124023 | C58: 데코데코팬시 젤리 스티커1_말캉프렌즈 | D58: 4977 | E58: 290 | F58: 1443330 | G58: 0 | H58: 0 | I58: 0 | J58: 0 | K58: 0 | L58: 0 | M58: 3 | N58: 290 | O58: 870 | P58: 0 | Q58: 0 | R58: 0 | S58: 3 | T58: 290 | U58: 870 | V58: 213 | W58: 290 | X58: 61770 | Y58: 0 | Z58: 0 | AA58: 0 | AB58: 4478 | AC58: 290 | AD58: 1298620 | AE58: 0 | AF58: 0 | AG58: 0 | AH58: 4691 | AI58: 290 | AJ58: 1360390 | AK58: 289 | AL58: 290 | AM58: 83810 | AN58: =AM58/$AM$4 -> 7.9312857e-06 | AO58: =IF(ISERROR(AK58/(D58+S58)),,(AK58/(D58+S58))) -> 0.058032129 | AP58: 부진 | AQ58: =A58 -> 제품 | AR58: =IF($AP58="악성",$AM58,0) -> 0 | AS58: =IF($AP58="부진",$AM58,0) -> 83810 | AT58: =IF($AP58="정상",$AM58,0) -> 0 | AU58: =SUM(AR58:AT58) -> 83810 | AV58: =IF(+BB58*$AL58=0,"",+BB58*$AL58) -> 83810 | AW58: =IF(+BC58*$AL58=0,"",+BC58*$AL58) | AX58: =IF(+BD58*$AL58=0,"",+BD58*$AL58) | AY58: =IF(+BE58*$AL58=0,"",+BE58*$AL58) | AZ58: =IF(+BF58*$AL58=0,"",+BF58*$AL58) | BB58: 289 | BC58: 0 | BD58: 0 | BE58: 0 | BF58: 0 | BG58: =+SUM(BB58:BF58) -> 289 | BH58: =BG58-AK58 -> 0 | BI58: =IFERROR(IF(ROUND(V58/((D58+AK58)/2),1)<0,0,ROUND(V58/((D58+AK58)/2),1)),0) -> 0.1 | BJ58: =IF(AK58=0,"정상",IF(AP58="악성","악성",IF(AND(BL58>3,BI58<0.5),"악성",IF(AND(AP58="정상",BL58<=3),"정상",IF(BI58>1,"정상","부진"))))) -> 악성 | BK58: 45444 | BL58: =DATEDIF(BK58,$BL$9,"m")+1 -> 28
A59: 제품 | B59: DCT124024 | C59: 데코데코팬시 노트_짝꿍1 | D59: 5282 | E59: 390 | F59: 2059980 | G59: 0 | H59: 0 | I59: 0 | J59: 0 | K59: 0 | L59: 0 | M59: 1 | N59: 390 | O59: 390 | P59: 0 | Q59: 0 | R59: 0 | S59: 1 | T59: 390 | U59: 390 | V59: 255 | W59: 390 | X59: 99450 | Y59: 0 | Z59: 0 | AA59: 0 | AB59: 4726 | AC59: 390 | AD59: 1843140 | AE59: 0 | AF59: 0 | AG59: 0 | AH59: 4981 | AI59: 390 | AJ59: 1942590 | AK59: 302 | AL59: 390 | AM59: 117780 | AN59: =AM59/$AM$4 -> 1.1146007e-05 | AO59: =IF(ISERROR(AK59/(D59+S59)),,(AK59/(D59+S59))) -> 0.05716449 | AP59: 부진 | AQ59: =A59 -> 제품 | AR59: =IF($AP59="악성",$AM59,0) -> 0 | AS59: =IF($AP59="부진",$AM59,0) -> 117780 | AT59: =IF($AP59="정상",$AM59,0) -> 0 | AU59: =SUM(AR59:AT59) -> 117780 | AV59: =IF(+BB59*$AL59=0,"",+BB59*$AL59) -> 117780 | AW59: =IF(+BC59*$AL59=0,"",+BC59*$AL59) | AX59: =IF(+BD59*$AL59=0,"",+BD59*$AL59) | AY59: =IF(+BE59*$AL59=0,"",+BE59*$AL59) | AZ59: =IF(+BF59*$AL59=0,"",+BF59*$AL59) | BB59: 302 | BC59: 0 | BD59: 0 | BE59: 0 | BF59: 0 | BG59: =+SUM(BB59:BF59) -> 302 | BH59: =BG59-AK59 -> 0 | BI59: =IFERROR(IF(ROUND(V59/((D59+AK59)/2),1)<0,0,ROUND(V59/((D59+AK59)/2),1)),0) -> 0.1 | BJ59: =IF(AK59=0,"정상",IF(AP59="악성","악성",IF(AND(BL59>3,BI59<0.5),"악성",IF(AND(AP59="정상",BL59<=3),"정상",IF(BI59>1,"정상","부진"))))) -> 악성 | BK59: 45444 | BL59: =DATEDIF(BK59,$BL$9,"m")+1 -> 28
... A73: 제품 | B73: DCT125006 | C73: 데코데코시간순삭 말캉 젤리뽀 만들기 | D73: 2818 | E73: 2019.3938 | F73: 5690652 | G73: 0 | H73: 0 | I73: 0 | J73: 0 | K73: 0 | L73: 0 | M73: 0 | N73: 0 | O73: 0 | P73: 0 | Q73: 0 | R73: 0 | S73: 0 | T73: 0 | U73: 0 | V73: 2444 | W73: 2019.3944 | X73: 4935400 | Y73: 0 | Z73: 0 | AA73: 0 | AB73: 303 | AC73: 2019.3993 | AD73: 611878 | AE73: 0 | AF73: 0 | AG73: 0 | AH73: 2747 | AI73: 2019.395 | AJ73: 5547278 | AK73: 71 | AL73: 2019.3614 | AM73: 143374 | AN73: =AM73/$AM$4 -> 1.3568072e-05 | AO73: =IF(ISERROR(AK73/(D73+S73)),,(AK73/(D73+S73))) -> 0.025195174 | AP73: 부진 | AQ73: =A73 -> 제품 | AR73: =IF($AP73="악성",$AM73,0) -> 0 | AS73: =IF($AP73="부진",$AM73,0) -> 143374 | AT73: =IF($AP73="정상",$AM73,0) -> 0 | AU73: =SUM(AR73:AT73) -> 143374 | AV73: =IF(+BB73*$AL73=0,"",+BB73*$AL73) -> 143374.66 | AW73: =IF(+BC73*$AL73=0,"",+BC73*$AL73) | AX73: =IF(+BD73*$AL73=0,"",+BD73*$AL73) | AY73: =IF(+BE73*$AL73=0,"",+BE73*$AL73) | AZ73: =IF(+BF73*$AL73=0,"",+BF73*$AL73) | BB73: 71 | BC73: 0 | BD73: 0 | BE73: 0 | BF73: 0 | BG73: =+SUM(BB73:BF73) -> 71 | BH73: =BG73-AK73 -> 0 | BI73: =IFERROR(IF(ROUND(V73/((D73+AK73)/2),1)<0,0,ROUND(V73/((D73+AK73)/2),1)),0) -> 1.7 | BJ73: =IF(AK73=0,"정상",IF(AP73="악성","악성",IF(AND(BL73>3,BI73<0.5),"악성",IF(AND(AP73="정상",BL73<=3),"정상",IF(BI73>1,"정상","부진"))))) -> 정상 | BK73: 45658 | BL73: =DATEDIF(BK73,$BL$9,"m")+1 -> 21
A74: 제품 | B74: DCT125007 | C74: 데코데코 시간순삭 슬라임 도시락 만들기 | D74: 2743 | E74: 2037.5936 | F74: 5589119 | G74: 0 | H74: 0 | I74: 0 | J74: 0 | K74: 0 | L74: 0 | M74: 0 | N74: 0 | O74: 0 | P74: 0 | Q74: 0 | R74: 0 | S74: 0 | T74: 0 | U74: 0 | V74: 1054 | W74: 2037.5996 | X74: 2147630 | Y74: 0 | Z74: 0 | AA74: 0 | AB74: 1544 | AC74: 2037.5926 | AD74: 3146043 | AE74: 0 | AF74: 0 | AG74: 0 | AH74: 2598 | AI74: 2037.5955 | AJ74: 5293673 | AK74: 145 | AL74: 2037.562 | AM74: 295446 | AN74: =AM74/$AM$4 -> 2.7959272e-05 | AO74: =IF(ISERROR(AK74/(D74+S74)),,(AK74/(D74+S74))) -> 0.05286183 | AP74: 부진 | AQ74: 제품 | AR74: =IF($AP74="악성",$AM74,0) -> 0 | AS74: =IF($AP74="부진",$AM74,0) -> 295446 | AT74: =IF($AP74="정상",$AM74,0) -> 0 | AU74: =SUM(AR74:AT74) -> 295446 | AV74: =IF(+BB74*$AL74=0,"",+BB74*$AL74) -> 295446.49 | AW74: =IF(+BC74*$AL74=0,"",+BC74*$AL74) | AX74: =IF(+BD74*$AL74=0,"",+BD74*$AL74) | AY74: =IF(+BE74*$AL74=0,"",+BE74*$AL74) | AZ74: =IF(+BF74*$AL74=0,"",+BF74*$AL74) | BB74: 145 | BC74: 0 | BD74: 0 | BE74: 0 | BF74: 0 | BG74: =+SUM(BB74:BF74) -> 145 | BH74: =BG74-AK74 -> 0 | BI74: =IFERROR(IF(ROUND(V74/((D74+AK74)/2),1)<0,0,ROUND(V74/((D74+AK74)/2),1)),0) -> 0.7 | BJ74: =IF(AK74=0,"정상",IF(AP74="악성","악성",IF(AND(BL74>3,BI74<0.5),"악성",IF(AND(AP74="정상",BL74<=3),"정상",IF(BI74>1,"정상","부진"))))) -> 부진 | BK74: 45658 | BL74: =DATEDIF(BK74,$BL$9,"m")+1 -> 21
A75: 제품 | B75: DCT125008 | C75: 데코데코 시간순삭 My cutie 아크릴 쉐이커 키링 | D75: 16666 | E75: 1016.9363 | F75: 16948262 | G75: 0 | H75: 0 | I75: 0 | J75: 0 | K75: 0 | L75: 0 | M75: 100 | N75: 1016.93 | O75: 101693 | P75: 0 | Q75: 0 | R75: 0 | S75: 100 | T75: 1016.93 | U75: 101693 | V75: 2518 | W75: 1016.9392 | X75: 2560653 | Y75: 0 | Z75: 0 | AA75: 0 | AB75: 132 | AC75: 1016.9697 | AD75: 134240 | AE75: 0 | AF75: 0 | AG75: 0 | AH75: 2650 | AI75: 1016.9408 | AJ75: 2694893 | AK75: 14116 | AL75: 1016.9355 | AM75: 14355062 | AN75: =AM75/$AM$4 -> 0.0013584787 | AO75: =IF(ISERROR(AK75/(D75+S75)),,(AK75/(D75+S75))) -> 0.84194203 | AP75: 부진 | AQ75: 제품 | AR75: =IF($AP75="악성",$AM75,0) -> 0 | AS75: =IF($AP75="부진",$AM75,0) -> 14355062 | AT75: =IF($AP75="정상",$AM75,0) -> 0 | AU75: =SUM(AR75:AT75) -> 14355062 | AV75: =IF(+BB75*$AL75=0,"",+BB75*$AL75) -> 14355062 | AW75: =IF(+BC75*$AL75=0,"",+BC75*$AL75) | AX75: =IF(+BD75*$AL75=0,"",+BD75*$AL75) | AY75: =IF(+BE75*$AL75=0,"",+BE75*$AL75) | AZ75: =IF(+BF75*$AL75=0,"",+BF75*$AL75) | BB75: 14116 | BC75: 0 | BD75: 0 | BE75: 0 | BF75: 0 | BG75: =+SUM(BB75:BF75) -> 14116 | BH75: =BG75-AK75 -> 0 | BI75: =IFERROR(IF(ROUND(V75/((D75+AK75)/2),1)<0,0,ROUND(V75/((D75+AK75)/2),1)),0) -> 0.2 | BJ75: =IF(AK75=0,"정상",IF(AP75="악성","악성",IF(AND(BL75>3,BI75<0.5),"악성",IF(AND(AP75="정상",BL75<=3),"정상",IF(BI75>1,"정상","부진"))))) -> 악성 | BK75: 45658 | BL75: =DATEDIF(BK75,$BL$9,"m")+1 -> 21
A76: 제품 | B76: DCT125009 | C76: 데코데코 시간순삭 랜덤 y2k 포카홀더 키링 | D76: 16463 | E76: 850.5545 | F76: 14002679 | G76: 0 | H76: 0 | I76: 0 | J76: 0 | K76: 0 | L76: 0 | M76: 81 | N76: 850.54321 | O76: 68894 | P76: 0 | Q76: 0 | R76: 0 | S76: 81 | T76: 850.54321 | U76: 68894 | V76: 1261 | W76: 850.5567 | X76: 1072552 | Y76: 0 | Z76: 0 | AA76: 0 | AB76: 109 | AC76: 850.56881 | AD76: 92712 | AE76: 0 | AF76: 0 | AG76: 0 | AH76: 1370 | AI76: 850.55766 | AJ76: 1165264 | AK76: 15174 | AL76: 850.5541 | AM76: 12906309 | AN76: =AM76/$AM$4 -> 0.0012213772 | AO76: =IF(ISERROR(AK76/(D76+S76)),,(AK76/(D76+S76))) -> 0.91719052 | AP76: 부진 | AQ76: 제품 | AR76: =IF($AP76="악성",$AM76,0) -> 0 | AS76: =IF($AP76="부진",$AM76,0) -> 12906309 | AT76: =IF($AP76="정상",$AM76,0) -> 0 | AU76: =SUM(AR76:AT76) -> 12906309 | AV76: =IF(+BB76*$AL76=0,"",+BB76*$AL76) -> 12906308 | AW76: =IF(+BC76*$AL76=0,"",+BC76*$AL76) | AX76: =IF(+BD76*$AL76=0,"",+BD76*$AL76) | AY76: =IF(+BE76*$AL76=0,"",+BE76*$AL76) | AZ76: =IF(+BF76*$AL76=0,"",+BF76*$AL76) | BB76: 15174 | BC76: 0 | BD76: 0 | BE76: 0 | BF76: 0 | BG76: =+SUM(BB76:BF76) -> 15174 | BH76: =BG76-AK76 -> 0 | BI76: =IFERROR(IF(ROUND(V76/((D76+AK76)/2),1)<0,0,ROUND(V76/((D76+AK76)/2),1)),0) -> 0.1 | BJ76: =IF(AK76=0,"정상",IF(AP76="악성","악성",IF(AND(BL76>3,BI76<0.5),"악성",IF(AND(AP76="정상",BL76<=3),"정상",IF(BI76>1,"정상","부진"))))) -> 악성 | BK76: 45658 | BL76: =DATEDIF(BK76,$BL$9,"m")+1 -> 21
A77: 제품 | B77: DCT125010 | C77: 데코데코 인싸젤리 메이킷 말캉분식 | D77: 0 | E77: 0 | F77: 0 | G77: 0 | H77: 0 | I77: 0 | J77: 25000 | K77: 11665.086 | L77: 291627151 | M77: 2 | N77: 11588.5 | O77: 23177 | P77: 0 | Q77: 0 | R77: 0 | S77: 25002 | T77: 11665.08 | U77: 291650328 | V77: 19869 | W77: 11650.77 | X77: 231489150 | Y77: 0 | Z77: 0 | AA77: 0 | AB77: 205 | AC77: 11650.02 | AD77: 2388254 | AE77: 0 | AF77: 0 | AG77: 0 | AH77: 20074 | AI77: 11650.762 | AJ77: 233877404 | AK77: 4928 | AL77: 11723.402 | AM77: 57772924 | AN77: =AM77/$AM$4 -> 0.0054672899 | AO77: =IF(ISERROR(AK77/(D77+S77)),,(AK77/(D77+S77))) -> 0.19710423 | AP77: 정상 | AQ77: 제품 | AR77: =IF($AP77="악성",$AM77,0) -> 0 | AS77: =IF($AP77="부진",$AM77,0) -> 0 | AT77: =IF($AP77="정상",$AM77,0) -> 57772924 | AU77: =SUM(AR77:AT77) -> 57772924 | AV77: =IF(+BB77*$AL77=0,"",+BB77*$AL77) -> 57772924 | AW77: =IF(+BC77*$AL77=0,"",+BC77*$AL77) | AX77: =IF(+BD77*$AL77=0,"",+BD77*$AL77) | AY77: =IF(+BE77*$AL77=0,"",+BE77*$AL77) | AZ77: =IF(+BF77*$AL77=0,"",+BF77*$AL77) | BB77: 4928 | BC77: 0 | BD77: 0 | BE77: 0 | BF77: 0 | BG77: =+SUM(BB77:BF77) -> 4928 | BH77: =BG77-AK77 -> 0 | BI77: =IFERROR(IF(ROUND(V77/((D77+AK77)/2),1)<0,0,ROUND(V77/((D77+AK77)/2),1)),0) -> 8.1 | BJ77: =IF(AK77=0,"정상",IF(AP77="악성","악성",IF(AND(BL77>3,BI77<0.5),"악성",IF(AND(AP77="정상",BL77<=3),"정상",IF(BI77>1,"정상","부진"))))) -> 정상 | BK77: 46235 | BL77: =DATEDIF(BK77,$BL$9,"m")+1 -> 2
A78: 제품 | B78: DCT125011 | C78: 데코데코 인싸젤리 메이킷 불닭뽀끔면 | D78: 0 | E78: 0 | F78: 0 | G78: 0 | H78: 0 | I78: 0 | J78: 15000 | K78: 5096.7319 | L78: 76450978 | M78: 0 | N78: 0 | O78: 0 | P78: 0 | Q78: 0 | R78: 0 | S78: 15000 | T78: 5096.7319 | U78: 76450978 | V78: 10510 | W78: 5091.0361 | X78: 53506789 | Y78: 0 | Z78: 0 | AA78: 0 | AB78: 91 | AC78: 5085.8352 | AD78: 462811 | AE78: 0 | AF78: 0 | AG78: 0 | AH78: 10601 | AI78: 5090.9914 | AJ78: 53969600 | AK78: 4399 | AL78: 5110.5656 | AM78: 22481378 | AN78: =AM78/$AM$4 -> 0.0021275054 | AO78: =IF(ISERROR(AK78/(D78+S78)),,(AK78/(D78+S78))) -> 0.29326667 | AP78: 정상 | AQ78: 제품 | AR78: =IF($AP78="악성",$AM78,0) -> 0 | AS78: =IF($AP78="부진",$AM78,0) -> 0 | AT78: =IF($AP78="정상",$AM78,0) -> 22481378 | AU78: =SUM(AR78:AT78) -> 22481378 | AV78: =IF(+BB78*$AL78=0,"",+BB78*$AL78) -> 22481378 | AW78: =IF(+BC78*$AL78=0,"",+BC78*$AL78) | AX78: =IF(+BD78*$AL78=0,"",+BD78*$AL78) | AY78: =IF(+BE78*$AL78=0,"",+BE78*$AL78) | AZ78: =IF(+BF78*$AL78=0,"",+BF78*$AL78) | BB78: 4399 | BC78: 0 | BD78: 0 | BE78: 0 | BF78: 0 | BG78: =+SUM(BB78:BF78) -> 4399 | BH78: =BG78-AK78 -> 0 | BI78: =IFERROR(IF(ROUND(V78/((D78+AK78)/2),1)<0,0,ROUND(V78/((D78+AK78)/2),1)),0) -> 4.8 | BJ78: =IF(AK78=0,"정상",IF(AP78="악성","악성",IF(AND(BL78>3,BI78<0.5),"악성",IF(AND(AP78="정상",BL78<=3),"정상",IF(BI78>1,"정상","부진"))))) -> 정상 | BK78: 46235 | BL78: =DATEDIF(BK78,$BL$9,"m")+1 -> 2
A79: 제품 | B79: DCT125012 | C79: 데코데코 인싸젤리 메이킷 달콤디저트 | D79: 0 | E79: 0 | F79: 0 | G79: 0 | H79: 0 | I79: 0 | J79: 15000 | K79: 4958.8604 | L79: 74382906 | M79: 0 | N79: 0 | O79: 0 | P79: 0 | Q79: 0 | R79: 0 | S79: 15000 | T79: 4958.8604 | U79: 74382906 | V79: 6882 | W79: 4906.457 | X79: 33766237 | Y79: 0 | Z79: 0 | AA79: 0 | AB79: 107 | AC79: 4897.6822 | AD79: 524052 | AE79: 0 | AF79: 0 | AG79: 0 | AH79: 6989 | AI79: 4906.3226 | AJ79: 34290289 | AK79: 8011 | AL79: 5004.6956 | AM79: 40092617 | AN79: =AM79/$AM$4 -> 0.0037941296 | AO79: =IF(ISERROR(AK79/(D79+S79)),,(AK79/(D79+S79))) -> 0.53406667 | AP79: 정상 | AQ79: 제품 | AR79: =IF($AP79="악성",$AM79,0) -> 0 | AS79: =IF($AP79="부진",$AM79,0) -> 0 | AT79: =IF($AP79="정상",$AM79,0) -> 40092617 | AU79: =SUM(AR79:AT79) -> 40092617 | AV79: =IF(+BB79*$AL79=0,"",+BB79*$AL79) -> 40092616 | AW79: =IF(+BC79*$AL79=0,"",+BC79*$AL79) | AX79: =IF(+BD79*$AL79=0,"",+BD79*$AL79) | AY79: =IF(+BE79*$AL79=0,"",+BE79*$AL79) | AZ79: =IF(+BF79*$AL79=0,"",+BF79*$AL79) | BB79: 8011 | BC79: 0 | BD79: 0 | BE79: 0 | BF79: 0 | BG79: =+SUM(BB79:BF79) -> 8011 | BH79: =BG79-AK79 -> 0 | BI79: =IFERROR(IF(ROUND(V79/((D79+AK79)/2),1)<0,0,ROUND(V79/((D79+AK79)/2),1)),0) -> 1.7 | BJ79: =IF(AK79=0,"정상",IF(AP79="악성","악성",IF(AND(BL79>3,BI79<0.5),"악성",IF(AND(AP79="정상",BL79<=3),"정상",IF(BI79>1,"정상","부진"))))) -> 정상 | BK79: 46266 | BL79: =DATEDIF(BK79,$BL$9,"m")+1 -> 1
A80: 제품 | B80: DCT125013 | C80: 데코데코 공포의 숨바꼭질 | D80: 0 | E80: 0 | F80: 0 | G80: 5000 | H80: 12659.931 | I80: 63299654 | J80: 0 | K80: 0 | L80: 0 | M80: 0 | N80: 0 | O80: 0 | P80: 0 | Q80: 0 | R80: 0 | S80: 5000 | T80: 12659.931 | U80: 63299654 | V80: 2553 | W80: 12659.933 | X80: 32320808 | Y80: 0 | Z80: 0 | AA80: 0 | AB80: 54 | AC80: 12660.019 | AD80: 683641 | AE80: 0 | AF80: 0 | AG80: 0 | AH80: 2607 | AI80: 12659.934 | AJ80: 33004449 | AK80: 2393 | AL80: 12659.928 | AM80: 30295205 | AN80: =AM80/$AM$4 -> 0.0028669601 | AO80: =IF(ISERROR(AK80/(D80+S80)),,(AK80/(D80+S80))) -> 0.4786 | AP80: 정상 | AQ80: 제품 | AR80: =IF($AP80="악성",$AM80,0) -> 0 | AS80: =IF($AP80="부진",$AM80,0) -> 0 | AT80: =IF($AP80="정상",$AM80,0) -> 30295205 | AU80: =SUM(AR80:AT80) -> 30295205 | AV80: =IF(+BB80*$AL80=0,"",+BB80*$AL80) -> 30295207 | AW80: =IF(+BC80*$AL80=0,"",+BC80*$AL80) | AX80: =IF(+BD80*$AL80=0,"",+BD80*$AL80) | AY80: =IF(+BE80*$AL80=0,"",+BE80*$AL80) | AZ80: =IF(+BF80*$AL80=0,"",+BF80*$AL80) | BB80: 2393 | BC80: 0 | BD80: 0 | BE80: 0 | BF80: 0 | BG80: =+SUM(BB80:BF80) -> 2393 | BH80: =BG80-AK80 -> 0 | BI80: =IFERROR(IF(ROUND(V80/((D80+AK80)/2),1)<0,0,ROUND(V80/((D80+AK80)/2),1)),0) -> 2.1 | BJ80: =IF(AK80=0,"정상",IF(AP80="악성","악성",IF(AND(BL80>3,BI80<0.5),"악성",IF(AND(AP80="정상",BL80<=3),"정상",IF(BI80>1,"정상","부진"))))) -> 정상 | BK80: 45931 | BL80: =DATEDIF(BK80,$BL$9,"m")+1 -> 12
A81: 제품 | B81: DCT125015 | C81: 데코데코 신디 유니 디저트 슬라임 메이킷 (플레이타임 전용) | D81: 0 | E81: 0 | F81: 0 | G81: 0 | H81: 0 | I81: 0 | J81: 8000 | K81: 5223.538 | L81: 41788304 | M81: 0 | N81: 0 | O81: 0 | P81: 0 | Q81: 0 | R81: 0 | S81: 8000 | T81: 5223.538 | U81: 41788304 | V81: 8000 | W81: 5223.538 | X81: 41788304 | Y81: 0 | Z81: 0 | AA81: 0 | AB81: 0 | AC81: 0 | AD81: 0 | AE81: 0 | AF81: 0 | AG81: 0 | AH81: 8000 | AI81: 5223.538 | AJ81: 41788304 | AK81: 0 | AL81: 0 | AM81: 0 | AN81: =AM81/$AM$4 -> 0 | AO81: =IF(ISERROR(AK81/(D81+S81)),,(AK81/(D81+S81))) -> 0 | AP81: 정상 | AQ81: 제품 | AR81: =IF($AP81="악성",$AM81,0) -> 0 | AS81: =IF($AP81="부진",$AM81,0) -> 0 | AT81: =IF($AP81="정상",$AM81,0) -> 0 | AU81: =SUM(AR81:AT81) -> 0 | AV81: =IF(+BB81*$AL81=0,"",+BB81*$AL81) | AW81: =IF(+BC81*$AL81=0,"",+BC81*$AL81) | AX81: =IF(+BD81*$AL81=0,"",+BD81*$AL81) | AY81: =IF(+BE81*$AL81=0,"",+BE81*$AL81) | AZ81: =IF(+BF81*$AL81=0,"",+BF81*$AL81) | BB81: 0 | BC81: 0 | BD81: 0 | BE81: 0 | BF81: 0 | BG81: =+SUM(BB81:BF81) -> 0 | BH81: =BG81-AK81 -> 0 | BI81: =IFERROR(IF(ROUND(V81/((D81+AK81)/2),1)<0,0,ROUND(V81/((D81+AK81)/2),1)),0) -> 0 | BJ81: =IF(AK81=0,"정상",IF(AP81="악성","악성",IF(AND(BL81>3,BI81<0.5),"악성",IF(AND(AP81="정상",BL81<=3),"정상",IF(BI81>1,"정상","부진"))))) -> 정상 | BK81: 46174 | BL81: =DATEDIF(BK81,$BL$9,"m")+1 -> 4
A82: 제품 | B82: DCT125016 | C82: 2025 이마트 쓱데이 럭키박스 (데코데코 롤링 스티커펜 샤이니 키트 + 버블호텔 보석여행가방-버블) | D82: 0 | E82: 0 | F82: 0 | G82: 0 | H82: 0 | I82: 0 | J82: 0 | K82: 0 | L82: 0 | M82: 1504 | N82: 14384.424 | O82: 21634174 | P82: 0 | Q82: 0 | R82: 0 | S82: 1504 | T82: 14384.424 | U82: 21634174 | V82: 1504 | W82: 14384.424 | X82: 21634174 | Y82: 0 | Z82: 0 | AA82: 0 | AB82: 0 | AC82: 0 | AD82: 0 | AE82: 0 | AF82: 0 | AG82: 0 | AH82: 1504 | AI82: 14384.424 | AJ82: 21634174 | AK82: 0 | AL82: 0 | AM82: 0 | AN82: =AM82/$AM$4 -> 0 | AO82: =IF(ISERROR(AK82/(D82+S82)),,(AK82/(D82+S82))) -> 0 | AP82: 부진 | AQ82: 제품 | AR82: =IF($AP82="악성",$AM82,0) -> 0 | AS82: =IF($AP82="부진",$AM82,0) -> 0 | AT82: =IF($AP82="정상",$AM82,0) -> 0 | AU82: =SUM(AR82:AT82) -> 0 | AV82: =IF(+BB82*$AL82=0,"",+BB82*$AL82) | AW82: =IF(+BC82*$AL82=0,"",+BC82*$AL82) | AX82: =IF(+BD82*$AL82=0,"",+BD82*$AL82) | AY82: =IF(+BE82*$AL82=0,"",+BE82*$AL82) | AZ82: =IF(+BF82*$AL82=0,"",+BF82*$AL82) | BB82: 0 | BC82: 0 | BD82: 0 | BE82: 0 | BF82: 0 | BG82: =+SUM(BB82:BF82) -> 0 | BH82: =BG82-AK82 -> 0 | BI82: =IFERROR(IF(ROUND(V82/((D82+AK82)/2),1)<0,0,ROUND(V82/((D82+AK82)/2),1)),0) -> 0 | BJ82: =IF(AK82=0,"정상",IF(AP82="악성","악성",IF(AND(BL82>3,BI82<0.5),"악성",IF(AND(AP82="정상",BL82<=3),"정상",IF(BI82>1,"정상","부진"))))) -> 정상 | BK82: 45931 | BL82: =DATEDIF(BK82,$BL$9,"m")+1 -> 12
A83: 제품 | B83: DCT126001 | C83: 데코데코 와랄라 비즈 메이킷 | D83: 0 | E83: 0 | F83: 0 | G83: 11496 | H83: 13001.09 | I83: 149460535 | J83: 0 | K83: 0 | L83: 0 | M83: 16 | N83: 12590.812 | O83: 201453 | P83: 0 | Q83: 0 | R83: 0 | S83: 11512 | T83: 13000.52 | U83: 149661988 | V83: 6692 | W83: 12720.791 | X83: 85127536 | Y83: 0 | Z83: 0 | AA83: 0 | AB83: 54 | AC83: 12754.926 | AD83: 688766 | AE83: 0 | AF83: 0 | AG83: 0 | AH83: 6746 | AI83: 12721.065 | AJ83: 85816302 | AK83: 4766 | AL83: 13396.073 | AM83: 63845686 | AN83: =AM83/$AM$4 -> 0.0060419804 | AO83: =IF(ISERROR(AK83/(D83+S83)),,(AK83/(D83+S83))) -> 0.41400278 | AP83: 정상 | AQ83: =A83 -> 제품 | AR83: =IF($AP83="악성",$AM83,0) -> 0 | AS83: =IF($AP83="부진",$AM83,0) -> 0 | AT83: =IF($AP83="정상",$AM83,0) -> 63845686 | AU83: =SUM(AR83:AT83) -> 63845686 | AV83: =IF(+BB83*$AL83=0,"",+BB83*$AL83) -> 63845686 | AW83: =IF(+BC83*$AL83=0,"",+BC83*$AL83) | AX83: =IF(+BD83*$AL83=0,"",+BD83*$AL83) | AY83: =IF(+BE83*$AL83=0,"",+BE83*$AL83) | AZ83: =IF(+BF83*$AL83=0,"",+BF83*$AL83) | BB83: 4766 | BC83: 0 | BD83: 0 | BE83: 0 | BF83: 0 | BG83: =+SUM(BB83:BF83) -> 4766 | BH83: =BG83-AK83 -> 0 | BI83: =IFERROR(IF(ROUND(V83/((D83+AK83)/2),1)<0,0,ROUND(V83/((D83+AK83)/2),1)),0) -> 2.8 | BJ83: =IF(AK83=0,"정상",IF(AP83="악성","악성",IF(AND(BL83>3,BI83<0.5),"악성",IF(AND(AP83="정상",BL83<=3),"정상",IF(BI83>1,"정상","부진"))))) -> 정상 | BK83: 46174 | BL83: =DATEDIF(BK83,$BL$9,"m")+1 -> 4
A84: 제품 | B84: DCT126002 | C84: 데코데코 알바의 달인-오늘의 방 | D84: 0 | E84: 0 | F84: 0 | G84: 8000 | H84: 7977.5364 | I84: 63820291 | J84: 0 | K84: 0 | L84: 0 | M84: 0 | N84: 0 | O84: 0 | P84: 0 | Q84: 0 | R84: 0 | S84: 8000 | T84: 7977.5364 | U84: 63820291 | V84: 1797 | W84: 7977.5376 | X84: 14335635 | Y84: 0 | Z84: 0 | AA84: 0 | AB84: 18 | AC84: 7977.6667 | AD84: 143598 | AE84: 0 | AF84: 0 | AG84: 0 | AH84: 1815 | AI84: 7977.5388 | AJ84: 14479233 | AK84: 6185 | AL84: 7977.5359 | AM84: 49341058 | AN84: =AM84/$AM$4 -> 0.0046693476 | AO84: =IF(ISERROR(AK84/(D84+S84)),,(AK84/(D84+S84))) -> 0.773125 | AP84: 정상 | AQ84: =A84 -> 제품 | AR84: =IF($AP84="악성",$AM84,0) -> 0 | AS84: =IF($AP84="부진",$AM84,0) -> 0 | AT84: =IF($AP84="정상",$AM84,0) -> 49341058 | AU84: =SUM(AR84:AT84) -> 49341058 | AV84: =IF(+BB84*$AL84=0,"",+BB84*$AL84) -> 49341060 | AW84: =IF(+BC84*$AL84=0,"",+BC84*$AL84) | AX84: =IF(+BD84*$AL84=0,"",+BD84*$AL84) | AY84: =IF(+BE84*$AL84=0,"",+BE84*$AL84) | AZ84: =IF(+BF84*$AL84=0,"",+BF84*$AL84) | BB84: 6185 | BC84: 0 | BD84: 0 | BE84: 0 | BF84: 0 | BG84: =+SUM(BB84:BF84) -> 6185 | BH84: =BG84-AK84 -> 0 | BI84: =IFERROR(IF(ROUND(V84/((D84+AK84)/2),1)<0,0,ROUND(V84/((D84+AK84)/2),1)),0) -> 0.6 | BJ84: =IF(AK84=0,"정상",IF(AP84="악성","악성",IF(AND(BL84>3,BI84<0.5),"악성",IF(AND(AP84="정상",BL84<=3),"정상",IF(BI84>1,"정상","부진"))))) -> 부진 | BK84: 46143 | BL84: =DATEDIF(BK84,$BL$9,"m")+1 -> 5
A85: 제품 | B85: DCT126004 | C85: 데코데코 말캉샤브 메이킷 | D85: 0 | E85: 0 | F85: 0 | G85: 0 | H85: 0 | I85: 0 | J85: 3456 | K85: 11734 | L85: 40552704 | M85: 0 | N85: 0 | O85: 0 | P85: 0 | Q85: 0 | R85: 0 | S85: 3456 | T85: 11734 | U85: 40552704 | V85: 0 | W85: 0 | X85: 0 | Y85: 0 | Z85: 0 | AA85: 0 | AB85: 0 | AC85: 0 | AD85: 0 | AE85: 0 | AF85: 0 | AG85: 0 | AH85: 0 | AI85: 0 | AJ85: 0 | AK85: 3456 | AL85: 11734 | AM85: 40552704 | AN85: =AM85/$AM$4 -> 0.0038376695 | AO85: =IF(ISERROR(AK85/(D85+S85)),,(AK85/(D85+S85))) -> 1 | AP85: 정상 | AQ85: =A85 -> 제품 | AR85: =IF($AP85="악성",$AM85,0) -> 0 | AS85: =IF($AP85="부진",$AM85,0) -> 0 | AT85: =IF($AP85="정상",$AM85,0) -> 40552704 | AU85: =SUM(AR85:AT85) -> 40552704 | AV85: =IF(+BB85*$AL85=0,"",+BB85*$AL85) -> 40552704 | AW85: =IF(+BC85*$AL85=0,"",+BC85*$AL85) | AX85: =IF(+BD85*$AL85=0,"",+BD85*$AL85) | AY85: =IF(+BE85*$AL85=0,"",+BE85*$AL85) | AZ85: =IF(+BF85*$AL85=0,"",+BF85*$AL85) | BB85: 3456 | BC85: 0 | BD85: 0 | BE85: 0 | BF85: 0 | BG85: =+SUM(BB85:BF85) -> 3456 | BH85: =BG85-AK85 -> 0 | BI85: =IFERROR(IF(ROUND(V85/((D85+AK85)/2),1)<0,0,ROUND(V85/((D85+AK85)/2),1)),0) -> 0 | BJ85: =IF(AK85=0,"정상",IF(AP85="악성","악성",IF(AND(BL85>3,BI85<0.5),"악성",IF(AND(AP85="정상",BL85<=3),"정상",IF(BI85>1,"정상","부진"))))) -> 정상 | BK85: 46266 | BL85: =DATEDIF(BK85,$BL$9,"m")+1 -> 1
A86: 제품 | B86: DCX125001 | C86: 데코데코 말캉이 메이킷(수출용) | D86: 0 | E86: 0 | F86: 0 | G86: 10650 | H86: 14071.221 | I86: 149858508 | J86: 0 | K86: 0 | L86: 0 | M86: 0 | N86: 0 | O86: 0 | P86: 0 | Q86: 0 | R86: 0 | S86: 10650 | T86: 14071.221 | U86: 149858508 | V86: 9864 | W86: 14101.036 | X86: 139092622 | Y86: 0 | Z86: 0 | AA86: 0 | AB86: 6 | AC86: 14458.333 | AD86: 86750 | AE86: 0 | AF86: 0 | AG86: 0 | AH86: 9870 | AI86: 14101.253 | AJ86: 139179372 | AK86: 780 | AL86: 13691.2 | AM86: 10679136 | AN86: =AM86/$AM$4 -> 0.0010106106 | AO86: =IF(ISERROR(AK86/(D86+S86)),,(AK86/(D86+S86))) -> 0.073239437 | AP86: 정상 | AQ86: =A86 -> 제품 | AR86: =IF($AP86="악성",$AM86,0) -> 0 | AS86: =IF($AP86="부진",$AM86,0) -> 0 | AT86: =IF($AP86="정상",$AM86,0) -> 10679136 | AU86: =SUM(AR86:AT86) -> 10679136 | AV86: =IF(+BB86*$AL86=0,"",+BB86*$AL86) -> 10679136 | AW86: =IF(+BC86*$AL86=0,"",+BC86*$AL86) | AX86: =IF(+BD86*$AL86=0,"",+BD86*$AL86) | AY86: =IF(+BE86*$AL86=0,"",+BE86*$AL86) | AZ86: =IF(+BF86*$AL86=0,"",+BF86*$AL86) | BB86: 780 | BC86: 0 | BD86: 0 | BE86: 0 | BF86: 0 | BG86: =+SUM(BB86:BF86) -> 780 | BH86: =BG86-AK86 -> 0 | BI86: =IFERROR(IF(ROUND(V86/((D86+AK86)/2),1)<0,0,ROUND(V86/((D86+AK86)/2),1)),0) -> 25.3 | BJ86: =IF(AK86=0,"정상",IF(AP86="악성","악성",IF(AND(BL86>3,BI86<0.5),"악성",IF(AND(AP86="정상",BL86<=3),"정상",IF(BI86>1,"정상","부진"))))) -> 정상 | BK86: 46235 | BL86: =DATEDIF(BK86,$BL$9,"m")+1 -> 2
A87: 제품 | B87: DCX125002 | C87: 데코데코 말캉이 메이킷 - 디저트 키트(수출용) | D87: 0 | E87: 0 | F87: 0 | G87: 6000 | H87: 7034.88 | I87: 42209280 | J87: 0 | K87: 0 | L87: 0 | M87: 0 | N87: 0 | O87: 0 | P87: 0 | Q87: 0 | R87: 0 | S87: 6000 | T87: 7034.88 | U87: 42209280 | V87: 5750 | W87: 7038.2016 | X87: 40469659 | Y87: 0 | Z87: 0 | AA87: 0 | AB87: 10 | AC87: 7118 | AD87: 71180 | AE87: 0 | AF87: 0 | AG87: 0 | AH87: 5760 | AI87: 7038.3401 | AJ87: 40540839 | AK87: 240 | AL87: 6951.8388 | AM87: 1668441 | AN87: =AM87/$AM$4 -> 0.00015789145 | AO87: =IF(ISERROR(AK87/(D87+S87)),,(AK87/(D87+S87))) -> 0.04 | AP87: 정상 | AQ87: =A87 -> 제품 | AR87: =IF($AP87="악성",$AM87,0) -> 0 | AS87: =IF($AP87="부진",$AM87,0) -> 0 | AT87: =IF($AP87="정상",$AM87,0) -> 1668441 | AU87: =SUM(AR87:AT87) -> 1668441 | AV87: =IF(+BB87*$AL87=0,"",+BB87*$AL87) -> 1668441.3 | AW87: =IF(+BC87*$AL87=0,"",+BC87*$AL87) | AX87: =IF(+BD87*$AL87=0,"",+BD87*$AL87) | AY87: =IF(+BE87*$AL87=0,"",+BE87*$AL87) | AZ87: =IF(+BF87*$AL87=0,"",+BF87*$AL87) | BB87: 240 | BC87: 0 | BD87: 0 | BE87: 0 | BF87: 0 | BG87: =+SUM(BB87:BF87) -> 240 | BH87: =BG87-AK87 -> 0 | BI87: =IFERROR(IF(ROUND(V87/((D87+AK87)/2),1)<0,0,ROUND(V87/((D87+AK87)/2),1)),0) -> 47.9 | BJ87: =IF(AK87=0,"정상",IF(AP87="악성","악성",IF(AND(BL87>3,BI87<0.5),"악성",IF(AND(AP87="정상",BL87<=3),"정상",IF(BI87>1,"정상","부진"))))) -> 정상 | BK87: 46023 | BL87: =DATEDIF(BK87,$BL$9,"m")+1 -> 9
A88: 제품 | B88: DCX125003 | C88: 데코데코 말캉이 메이킷 - 아이스크림 키트(수출용) | D88: 0 | E88: 0 | F88: 0 | G88: 5000 | H88: 5295.7324 | I88: 26478662 | J88: 0 | K88: 0 | L88: 0 | M88: 0 | N88: 0 | O88: 0 | P88: 0 | Q88: 0 | R88: 0 | S88: 5000 | T88: 5295.7324 | U88: 26478662 | V88: 3590 | W88: 5372.3936 | X88: 19286893 | Y88: 0 | Z88: 0 | AA88: 0 | AB88: 10 | AC88: 5427.5 | AD88: 54275 | AE88: 0 | AF88: 0 | AG88: 0 | AH88: 3600 | AI88: 5372.5467 | AJ88: 19341168 | AK88: 1400 | AL88: 5098.21 | AM88: 7137494 | AN88: =AM88/$AM$4 -> 0.00067545047 | AO88: =IF(ISERROR(AK88/(D88+S88)),,(AK88/(D88+S88))) -> 0.28 | AP88: 정상 | AQ88: =A88 -> 제품 | AR88: =IF($AP88="악성",$AM88,0) -> 0 | AS88: =IF($AP88="부진",$AM88,0) -> 0 | AT88: =IF($AP88="정상",$AM88,0) -> 7137494 | AU88: =SUM(AR88:AT88) -> 7137494 | AV88: =IF(+BB88*$AL88=0,"",+BB88*$AL88) -> 7137494 | AW88: =IF(+BC88*$AL88=0,"",+BC88*$AL88) | AX88: =IF(+BD88*$AL88=0,"",+BD88*$AL88) | AY88: =IF(+BE88*$AL88=0,"",+BE88*$AL88) | AZ88: =IF(+BF88*$AL88=0,"",+BF88*$AL88) | BB88: 1400 | BC88: 0 | BD88: 0 | BE88: 0 | BF88: 0 | BG88: =+SUM(BB88:BF88) -> 1400 | BH88: =BG88-AK88 -> 0 | BI88: =IFERROR(IF(ROUND(V88/((D88+AK88)/2),1)<0,0,ROUND(V88/((D88+AK88)/2),1)),0) -> 5.1 | BJ88: =IF(AK88=0,"정상",IF(AP88="악성","악성",IF(AND(BL88>3,BI88<0.5),"악성",IF(AND(AP88="정상",BL88<=3),"정상",IF(BI88>1,"정상","부진"))))) -> 정상 | BK88: 46235 | BL88: =DATEDIF(BK88,$BL$9,"m")+1 -> 2
A89: 제품 | B89: DCX126001 | C89: 데코데코 유니콘 라떼 글리터 슬라임 만들기(수출용) | D89: 0 | E89: 0 | F89: 0 | G89: 0 | H89: 0 | I89: 0 | J89: 2000 | K89: 5073.9035 | L89: 10147807 | M89: 0 | N89: 0 | O89: 0 | P89: 0 | Q89: 0 | R89: 0 | S89: 2000 | T89: 5073.9035 | U89: 10147807 | V89: 520 | W89: 5073.9038 | X89: 2638430 | Y89: 0 | Z89: 0 | AA89: 0 | AB89: 0 | AC89: 0 | AD89: 0 | AE89: 0 | AF89: 0 | AG89: 0 | AH89: 520 | AI89: 5073.9038 | AJ89: 2638430 | AK89: 1480 | AL89: 5073.9033 | AM89: 7509377 | AN89: =AM89/$AM$4 -> 0.00071064329 | AO89: =IF(ISERROR(AK89/(D89+S89)),,(AK89/(D89+S89))) -> 0.74 | AP89: 정상 | AQ89: =A89 -> 제품 | AR89: =IF($AP89="악성",$AM89,0) -> 0 | AS89: =IF($AP89="부진",$AM89,0) -> 0 | AT89: =IF($AP89="정상",$AM89,0) -> 7509377 | AU89: =SUM(AR89:AT89) -> 7509377 | AV89: =IF(+BB89*$AL89=0,"",+BB89*$AL89) -> 7509376.9 | AW89: =IF(+BC89*$AL89=0,"",+BC89*$AL89) | AX89: =IF(+BD89*$AL89=0,"",+BD89*$AL89) | AY89: =IF(+BE89*$AL89=0,"",+BE89*$AL89) | AZ89: =IF(+BF89*$AL89=0,"",+BF89*$AL89) | BB89: 1480 | BC89: 0 | BD89: 0 | BE89: 0 | BF89: 0 | BG89: =+SUM(BB89:BF89) -> 1480 | BH89: =BG89-AK89 -> 0 | BI89: =IFERROR(IF(ROUND(V89/((D89+AK89)/2),1)<0,0,ROUND(V89/((D89+AK89)/2),1)),0) -> 0.7 | BJ89: =IF(AK89=0,"정상",IF(AP89="악성","악성",IF(AND(BL89>3,BI89<0.5),"악성",IF(AND(AP89="정상",BL89<=3),"정상",IF(BI89>1,"정상","부진"))))) -> 부진 | BK89: 46113 | BL89: =DATEDIF(BK89,$BL$9,"m")+1 -> 6
A90: 제품 | B90: DCX126002 | C90: 데코데코 인싸젤리 메이킷 말캉분식(수출용) | D90: 0 | E90: 0 | F90: 0 | G90: 0 | H90: 0 | I90: 0 | J90: 5000 | K90: 11864.978 | L90: 59324888 | M90: 0 | N90: 0 | O90: 0 | P90: 0 | Q90: 0 | R90: 0 | S90: 5000 | T90: 11864.978 | U90: 59324888 | V90: 2340 | W90: 11864.978 | X90: 27764048 | Y90: 0 | Z90: 0 | AA90: 0 | AB90: 0 | AC90: 0 | AD90: 0 | AE90: 0 | AF90: 0 | AG90: 0 | AH90: 2340 | AI90: 11864.978 | AJ90: 27764048 | AK90: 2660 | AL90: 11864.977 | AM90: 31560840 | AN90: =AM90/$AM$4 -> 0.0029867323 | AO90: =IF(ISERROR(AK90/(D90+S90)),,(AK90/(D90+S90))) -> 0.532 | AP90: 정상 | AQ90: =A90 -> 제품 | AR90: =IF($AP90="악성",$AM90,0) -> 0 | AS90: =IF($AP90="부진",$AM90,0) -> 0 | AT90: =IF($AP90="정상",$AM90,0) -> 31560840 | AU90: =SUM(AR90:AT90) -> 31560840 | AV90: =IF(+BB90*$AL90=0,"",+BB90*$AL90) -> 31560840 | AW90: =IF(+BC90*$AL90=0,"",+BC90*$AL90) | AX90: =IF(+BD90*$AL90=0,"",+BD90*$AL90) | AY90: =IF(+BE90*$AL90=0,"",+BE90*$AL90) | AZ90: =IF(+BF90*$AL90=0,"",+BF90*$AL90) | BB90: 2660 | BC90: 0 | BD90: 0 | BE90: 0 | BF90: 0 | BG90: =+SUM(BB90:BF90) -> 2660 | BH90: =BG90-AK90 -> 0 | BI90: =IFERROR(IF(ROUND(V90/((D90+AK90)/2),1)<0,0,ROUND(V90/((D90+AK90)/2),1)),0) -> 1.8 | BJ90: =IF(AK90=0,"정상",IF(AP90="악성","악성",IF(AND(BL90>3,BI90<0.5),"악성",IF(AND(AP90="정상",BL90<=3),"정상",IF(BI90>1,"정상","부진"))))) -> 정상 | BK90: 46174 | BL90: =DATEDIF(BK90,$BL$9,"m")+1 -> 4
A91: 제품 | B91: DCX126003 | C91: 데코데코 인싸젤리 메이킷 달콤디저트(수출용) | D91: 0 | E91: 0 | F91: 0 | G91: 0 | H91: 0 | I91: 0 | J91: 5000 | K91: 5012.3936 | L91: 25061968 | M91: 0 | N91: 0 | O91: 0 | P91: 0 | Q91: 0 | R91: 0 | S91: 5000 | T91: 5012.3936 | U91: 25061968 | V91: 2000 | W91: 5012.394 | X91: 10024788 | Y91: 0 | Z91: 0 | AA91: 0 | AB91: 0 | AC91: 0 | AD91: 0 | AE91: 0 | AF91: 0 | AG91: 0 | AH91: 2000 | AI91: 5012.394 | AJ91: 10024788 | AK91: 3000 | AL91: 5012.3933 | AM91: 15037180 | AN91: =AM91/$AM$4 -> 0.0014230303 | AO91: =IF(ISERROR(AK91/(D91+S91)),,(AK91/(D91+S91))) -> 0.6 | AP91: 정상 | AQ91: =A91 -> 제품 | AR91: =IF($AP91="악성",$AM91,0) -> 0 | AS91: =IF($AP91="부진",$AM91,0) -> 0 | AT91: =IF($AP91="정상",$AM91,0) -> 15037180 | AU91: =SUM(AR91:AT91) -> 15037180 | AV91: =IF(+BB91*$AL91=0,"",+BB91*$AL91) -> 15037180 | AW91: =IF(+BC91*$AL91=0,"",+BC91*$AL91) | AX91: =IF(+BD91*$AL91=0,"",+BD91*$AL91) | AY91: =IF(+BE91*$AL91=0,"",+BE91*$AL91) | AZ91: =IF(+BF91*$AL91=0,"",+BF91*$AL91) | BB91: 3000 | BC91: 0 | BD91: 0 | BE91: 0 | BF91: 0 | BG91: =+SUM(BB91:BF91) -> 3000 | BH91: =BG91-AK91 -> 0 | BI91: =IFERROR(IF(ROUND(V91/((D91+AK91)/2),1)<0,0,ROUND(V91/((D91+AK91)/2),1)),0) -> 1.3 | BJ91: =IF(AK91=0,"정상",IF(AP91="악성","악성",IF(AND(BL91>3,BI91<0.5),"악성",IF(AND(AP91="정상",BL91<=3),"정상",IF(BI91>1,"정상","부진"))))) -> 정상 | BK91: 46174 | BL91: =DATEDIF(BK91,$BL$9,"m")+1 -> 4
A92: 제품 | B92: DCX126004 | C92: 데코데코 바풍 슬라임 메이킷(수출용) | D92: 0 | E92: 0 | F92: 0 | G92: 0 | H92: 0 | I92: 0 | J92: 5001 | K92: 15221.781 | L92: 76124125 | M92: 0 | N92: 0 | O92: 0 | P92: 0 | Q92: 0 | R92: 0 | S92: 5001 | T92: 15221.781 | U92: 76124125 | V92: 1500 | W92: 15221.781 | X92: 22832672 | Y92: 0 | Z92: 0 | AA92: 0 | AB92: 0 | AC92: 0 | AD92: 0 | AE92: 0 | AF92: 0 | AG92: 0 | AH92: 1500 | AI92: 15221.781 | AJ92: 22832672 | AK92: 3501 | AL92: 15221.78 | AM92: 53291453 | AN92: =AM92/$AM$4 -> 0.0050431898 | AO92: =IF(ISERROR(AK92/(D92+S92)),,(AK92/(D92+S92))) -> 0.70005999 | AP92: 정상 | AQ92: =A92 -> 제품 | AR92: =IF($AP92="악성",$AM92,0) -> 0 | AS92: =IF($AP92="부진",$AM92,0) -> 0 | AT92: =IF($AP92="정상",$AM92,0) -> 53291453 | AU92: =SUM(AR92:AT92) -> 53291453 | AV92: =IF(+BB92*$AL92=0,"",+BB92*$AL92) -> 53291453 | AW92: =IF(+BC92*$AL92=0,"",+BC92*$AL92) | AX92: =IF(+BD92*$AL92=0,"",+BD92*$AL92) | AY92: =IF(+BE92*$AL92=0,"",+BE92*$AL92) | AZ92: =IF(+BF92*$AL92=0,"",+BF92*$AL92) | BB92: 3501 | BC92: 0 | BD92: 0 | BE92: 0 | BF92: 0 | BG92: =+SUM(BB92:BF92) -> 3501 | BH92: =BG92-AK92 -> 0 | BI92: =IFERROR(IF(ROUND(V92/((D92+AK92)/2),1)<0,0,ROUND(V92/((D92+AK92)/2),1)),0) -> 0.9 | BJ92: =IF(AK92=0,"정상",IF(AP92="악성","악성",IF(AND(BL92>3,BI92<0.5),"악성",IF(AND(AP92="정상",BL92<=3),"정상",IF(BI92>1,"정상","부진"))))) -> 부진 | BK92: 46174 | BL92: =DATEDIF(BK92,$BL$9,"m")+1 -> 4
A93: 제품 | B93: DCX126005 | C93: 데코데코 와랄라 비즈 메이킷(수출용) | D93: 0 | E93: 0 | F93: 0 | G93: 1504 | H93: 13403.03 | I93: 20158157 | J93: 0 | K93: 0 | L93: 0 | M93: 0 | N93: 0 | O93: 0 | P93: 0 | Q93: 0 | R93: 0 | S93: 1504 | T93: 13403.03 | U93: 20158157 | V93: 0 | W93: 0 | X93: 0 | Y93: 0 | Z93: 0 | AA93: 0 | AB93: 0 | AC93: 0 | AD93: 0 | AE93: 0 | AF93: 0 | AG93: 0 | AH93: 0 | AI93: 0 | AJ93: 0 | AK93: 1504 | AL93: 13403.03 | AM93: 20158157 | AN93: =AM93/$AM$4 -> 0.0019076495 | AO93: =IF(ISERROR(AK93/(D93+S93)),,(AK93/(D93+S93))) -> 1 | AP93: 정상 | AQ93: 제품 | AR93: =IF($AP93="악성",$AM93,0) -> 0 | AS93: =IF($AP93="부진",$AM93,0) -> 0 | AT93: =IF($AP93="정상",$AM93,0) -> 20158157 | AU93: =SUM(AR93:AT93) -> 20158157 | AV93: =IF(+BB93*$AL93=0,"",+BB93*$AL93) -> 20158157 | AW93: =IF(+BC93*$AL93=0,"",+BC93*$AL93) | AX93: =IF(+BD93*$AL93=0,"",+BD93*$AL93) | AY93: =IF(+BE93*$AL93=0,"",+BE93*$AL93) | AZ93: =IF(+BF93*$AL93=0,"",+BF93*$AL93) | BB93: 1504 | BC93: 0 | BD93: 0 | BE93: 0 | BF93: 0 | BG93: =+SUM(BB93:BF93) -> 1504 | BH93: =BG93-AK93 -> 0 | BI93: =IFERROR(IF(ROUND(V93/((D93+AK93)/2),1)<0,0,ROUND(V93/((D93+AK93)/2),1)),0) -> 0 | BJ93: =IF(AK93=0,"정상",IF(AP93="악성","악성",IF(AND(BL93>3,BI93<0.5),"악성",IF(AND(AP93="정상",BL93<=3),"정상",IF(BI93>1,"정상","부진"))))) -> 악성 | BK93: 46174 | BL93: =DATEDIF(BK93,$BL$9,"m")+1 -> 4
A94: 제품 | B94: EEE122001 | C94: 진로 제작물 | D94: 1243 | E94: 14168 | F94: 17610824 | G94: 0 | H94: 0 | I94: 0 | J94: 0 | K94: 0 | L94: 0 | M94: 0 | N94: 0 | O94: 0 | P94: 0 | Q94: 0 | R94: 0 | S94: 0 | T94: 0 | U94: 0 | V94: 0 | W94: 0 | X94: 0 | Y94: 0 | Z94: 0 | AA94: 0 | AB94: 0 | AC94: 0 | AD94: 0 | AE94: 0 | AF94: 0 | AG94: 0 | AH94: 0 | AI94: 0 | AJ94: 0 | AK94: 1243 | AL94: 14168 | AM94: 17610824 | AN94: =AM94/$AM$4 -> 0.0016665848 | AO94: =IF(ISERROR(AK94/(D94+S94)),,(AK94/(D94+S94))) -> 1 | AP94: 악성 | AQ94: 제품 | AR94: =IF($AP94="악성",$AM94,0) -> 17610824 | AS94: =IF($AP94="부진",$AM94,0) -> 0 | AT94: =IF($AP94="정상",$AM94,0) -> 0 | AU94: =SUM(AR94:AT94) -> 17610824 | AV94: =IF(+BB94*$AL94=0,"",+BB94*$AL94) | AW94: =IF(+BC94*$AL94=0,"",+BC94*$AL94) | AX94: =IF(+BD94*$AL94=0,"",+BD94*$AL94) | AY94: =IF(+BE94*$AL94=0,"",+BE94*$AL94) -> 17610824 | AZ94: =IF(+BF94*$AL94=0,"",+BF94*$AL94) | BB94: 0 | BC94: 0 | BD94: 0 | BE94: 1243 | BF94: 0 | BG94: =+SUM(BB94:BF94) -> 1243 | BH94: =BG94-AK94 -> 0 | BI94: =IFERROR(IF(ROUND(V94/((D94+AK94)/2),1)<0,0,ROUND(V94/((D94+AK94)/2),1)),0) -> 0 | BJ94: =IF(AK94=0,"정상",IF(AP94="악성","악성",IF(AND(BL94>3,BI94<0.5),"악성",IF(AND(AP94="정상",BL94<=3),"정상",IF(BI94>1,"정상","부진"))))) -> 악성 | BK94: 44713 | BL94: =DATEDIF(BK94,$BL$9,"m")+1 -> 52
A95: 제품 | B95: EEL121001 | C95: 달빛천사 데코스티커 | D95: 4992 | E95: 341 | F95: 1702272 | G95: 0 | H95: 0 | I95: 0 | J95: 0 | K95: 0 | L95: 0 | M95: 0 | N95: 0 | O95: 0 | P95: 0 | Q95: 0 | R95: 0 | S95: 0 | T95: 0 | U95: 0 | V95: 0 | W95: 0 | X95: 0 | Y95: 0 | Z95: 0 | AA95: 0 | AB95: 4992 | AC95: 341 | AD95: 1702272 | AE95: 0 | AF95: 0 | AG95: 0 | AH95: 4992 | AI95: 341 | AJ95: 1702272 | AK95: 0 | AL95: 0 | AM95: 0 | AN95: =AM95/$AM$4 -> 0 | AO95: =IF(ISERROR(AK95/(D95+S95)),,(AK95/(D95+S95))) -> 0 | AP95: 악성 | AQ95: 제품 | AR95: =IF($AP95="악성",$AM95,0) -> 0 | AS95: =IF($AP95="부진",$AM95,0) -> 0 | AT95: =IF($AP95="정상",$AM95,0) -> 0 | AU95: =SUM(AR95:AT95) -> 0 | AV95: =IF(+BB95*$AL95=0,"",+BB95*$AL95) | AW95: =IF(+BC95*$AL95=0,"",+BC95*$AL95) | AX95: =IF(+BD95*$AL95=0,"",+BD95*$AL95) | AY95: =IF(+BE95*$AL95=0,"",+BE95*$AL95) | AZ95: =IF(+BF95*$AL95=0,"",+BF95*$AL95) | BB95: 0 | BC95: 0 | BD95: 0 | BE95: 0 | BF95: 0 | BG95: =+SUM(BB95:BF95) -> 0 | BH95: =BG95-AK95 -> 0 | BI95: =IFERROR(IF(ROUND(V95/((D95+AK95)/2),1)<0,0,ROUND(V95/((D95+AK95)/2),1)),0) -> 0 | BJ95: =IF(AK95=0,"정상",IF(AP95="악성","악성",IF(AND(BL95>3,BI95<0.5),"악성",IF(AND(AP95="정상",BL95<=3),"정상",IF(BI95>1,"정상","부진"))))) -> 정상 | BK95: 44197 | BL95: =DATEDIF(BK95,$BL$9,"m")+1 -> 69
A96: 제품 | B96: EEL121002 | C96: 달빛천사 A3포스터 | D96: 195 | E96: 4050 | F96: 789750 | G96: 0 | H96: 0 | I96: 0 | J96: 0 | K96: 0 | L96: 0 | M96: 0 | N96: 0 | O96: 0 | P96: 0 | Q96: 0 | R96: 0 | S96: 0 | T96: 0 | U96: 0 | V96: 0 | W96: 0 | X96: 0 | Y96: 0 | Z96: 0 | AA96: 0 | AB96: 195 | AC96: 4050 | AD96: 789750 | AE96: 0 | AF96: 0 | AG96: 0 | AH96: 195 | AI96: 4050 | AJ96: 789750 | AK96: 0 | AL96: 0 | AM96: 0 | AN96: =AM96/$AM$4 -> 0 | AO96: =IF(ISERROR(AK96/(D96+S96)),,(AK96/(D96+S96))) -> 0 | AP96: 악성 | AQ96: 제품 | AR96: =IF($AP96="악성",$AM96,0) -> 0 | AS96: =IF($AP96="부진",$AM96,0) -> 0 | AT96: =IF($AP96="정상",$AM96,0) -> 0 | AU96: =SUM(AR96:AT96) -> 0 | AV96: =IF(+BB96*$AL96=0,"",+BB96*$AL96) | AW96: =IF(+BC96*$AL96=0,"",+BC96*$AL96) | AX96: =IF(+BD96*$AL96=0,"",+BD96*$AL96) | AY96: =IF(+BE96*$AL96=0,"",+BE96*$AL96) | AZ96: =IF(+BF96*$AL96=0,"",+BF96*$AL96) | BB96: 0 | BC96: 0 | BD96: 0 | BE96: 0 | BF96: 0 | BG96: =+SUM(BB96:BF96) -> 0 | BH96: =BG96-AK96 -> 0 | BI96: =IFERROR(IF(ROUND(V96/((D96+AK96)/2),1)<0,0,ROUND(V96/((D96+AK96)/2),1)),0) -> 0 | BJ96: =IF(AK96=0,"정상",IF(AP96="악성","악성",IF(AND(BL96>3,BI96<0.5),"악성",IF(AND(AP96="정상",BL96<=3),"정상",IF(BI96>1,"정상","부진"))))) -> 정상 | BK96: 44197 | BL96: =DATEDIF(BK96,$BL$9,"m")+1 -> 69
A97: 제품 | B97: EEL121003 | C97: 달빛천사 엽서 | D97: 198 | E97: 1150 | F97: 227700 | G97: 0 | H97: 0 | I97: 0 | J97: 0 | K97: 0 | L97: 0 | M97: 0 | N97: 0 | O97: 0 | P97: 0 | Q97: 0 | R97: 0 | S97: 0 | T97: 0 | U97: 0 | V97: 0 | W97: 0 | X97: 0 | Y97: 0 | Z97: 0 | AA97: 0 | AB97: 198 | AC97: 1150 | AD97: 227700 | AE97: 0 | AF97: 0 | AG97: 0 | AH97: 198 | AI97: 1150 | AJ97: 227700 | AK97: 0 | AL97: 0 | AM97: 0 | AN97: =AM97/$AM$4 -> 0 | AO97: =IF(ISERROR(AK97/(D97+S97)),,(AK97/(D97+S97))) -> 0 | AP97: 악성 | AQ97: 제품 | AR97: =IF($AP97="악성",$AM97,0) -> 0 | AS97: =IF($AP97="부진",$AM97,0) -> 0 | AT97: =IF($AP97="정상",$AM97,0) -> 0 | AU97: =SUM(AR97:AT97) -> 0 | AV97: =IF(+BB97*$AL97=0,"",+BB97*$AL97) | AW97: =IF(+BC97*$AL97=0,"",+BC97*$AL97) | AX97: =IF(+BD97*$AL97=0,"",+BD97*$AL97) | AY97: =IF(+BE97*$AL97=0,"",+BE97*$AL97) | AZ97: =IF(+BF97*$AL97=0,"",+BF97*$AL97) | BB97: 0 | BC97: 0 | BD97: 0 | BE97: 0 | BF97: 0 | BG97: =+SUM(BB97:BF97) -> 0 | BH97: =BG97-AK97 -> 0 | BI97: =IFERROR(IF(ROUND(V97/((D97+AK97)/2),1)<0,0,ROUND(V97/((D97+AK97)/2),1)),0) -> 0 | BJ97: =IF(AK97=0,"정상",IF(AP97="악성","악성",IF(AND(BL97>3,BI97<0.5),"악성",IF(AND(AP97="정상",BL97<=3),"정상",IF(BI97>1,"정상","부진"))))) -> 정상 | BK97: 44197 | BL97: =DATEDIF(BK97,$BL$9,"m")+1 -> 69
A98: 제품 | B98: EEL121004 | C98: 달빛천사 아크릴키링 | D98: 296 | E98: 3050 | F98: 902800 | G98: 0 | H98: 0 | I98: 0 | J98: 0 | K98: 0 | L98: 0 | M98: 0 | N98: 0 | O98: 0 | P98: 0 | Q98: 0 | R98: 0 | S98: 0 | T98: 0 | U98: 0 | V98: 0 | W98: 0 | X98: 0 | Y98: 0 | Z98: 0 | AA98: 0 | AB98: 296 | AC98: 3050 | AD98: 902800 | AE98: 0 | AF98: 0 | AG98: 0 | AH98: 296 | AI98: 3050 | AJ98: 902800 | AK98: 0 | AL98: 0 | AM98: 0 | AN98: =AM98/$AM$4 -> 0 | AO98: =IF(ISERROR(AK98/(D98+S98)),,(AK98/(D98+S98))) -> 0 | AP98: 악성 | AQ98: 제품 | AR98: =IF($AP98="악성",$AM98,0) -> 0 | AS98: =IF($AP98="부진",$AM98,0) -> 0 | AT98: =IF($AP98="정상",$AM98,0) -> 0 | AU98: =SUM(AR98:AT98) -> 0 | AV98: =IF(+BB98*$AL98=0,"",+BB98*$AL98) | AW98: =IF(+BC98*$AL98=0,"",+BC98*$AL98) | AX98: =IF(+BD98*$AL98=0,"",+BD98*$AL98) | AY98: =IF(+BE98*$AL98=0,"",+BE98*$AL98) | AZ98: =IF(+BF98*$AL98=0,"",+BF98*$AL98) | BB98: 0 | BC98: 0 | BD98: 0 | BE98: 0 | BF98: 0 | BG98: =+SUM(BB98:BF98) -> 0 | BH98: =BG98-AK98 -> 0 | BI98: =IFERROR(IF(ROUND(V98/((D98+AK98)/2),1)<0,0,ROUND(V98/((D98+AK98)/2),1)),0) -> 0 | BJ98: =IF(AK98=0,"정상",IF(AP98="악성","악성",IF(AND(BL98>3,BI98<0.5),"악성",IF(AND(AP98="정상",BL98<=3),"정상",IF(BI98>1,"정상","부진"))))) -> 정상 | BK98: 44197 | BL98: =DATEDIF(BK98,$BL$9,"m")+1 -> 69
A99: 제품 | B99: EEL123003 | C99: [파마리써치] 리쥬더마 봉제쿠션 | D99: 0 | E99: 0 | F99: 0 | G99: 0 | H99: 0 | I99: 0 | J99: 2000 | K99: 5000 | L99: 10000000 | M99: 0 | N99: 0 | O99: 0 | P99: 0 | Q99: 0 | R99: 0 | S99: 2000 | T99: 5000 | U99: 10000000 | V99: 2000 | W99: 5000 | X99: 10000000 | Y99: 0 | Z99: 0 | AA99: 0 | AB99: 0 | AC99: 0 | AD99: 0 | AE99: 0 | AF99: 0 | AG99: 0 | AH99: 2000 | AI99: 5000 | AJ99: 10000000 | AK99: 0 | AL99: 0 | AM99: 0 | AN99: =AM99/$AM$4 -> 0 | AO99: =IF(ISERROR(AK99/(D99+S99)),,(AK99/(D99+S99))) -> 0 | AP99: 정상 | AQ99: 제품 | AR99: =IF($AP99="악성",$AM99,0) -> 0 | AS99: =IF($AP99="부진",$AM99,0) -> 0 | AT99: =IF($AP99="정상",$AM99,0) -> 0 | AU99: =SUM(AR99:AT99) -> 0 | AV99: =IF(+BB99*$AL99=0,"",+BB99*$AL99) | AW99: =IF(+BC99*$AL99=0,"",+BC99*$AL99) | AX99: =IF(+BD99*$AL99=0,"",+BD99*$AL99) | AY99: =IF(+BE99*$AL99=0,"",+BE99*$AL99) | AZ99: =IF(+BF99*$AL99=0,"",+BF99*$AL99) | BB99: 0 | BC99: 0 | BD99: 0 | BE99: 0 | BF99: 0 | BG99: =+SUM(BB99:BF99) -> 0 | BH99: =BG99-AK99 -> 0 | BI99: =IFERROR(IF(ROUND(V99/((D99+AK99)/2),1)<0,0,ROUND(V99/((D99+AK99)/2),1)),0) -> 0 | BJ99: =IF(AK99=0,"정상",IF(AP99="악성","악성",IF(AND(BL99>3,BI99<0.5),"악성",IF(AND(AP99="정상",BL99<=3),"정상",IF(BI99>1,"정상","부진"))))) -> 정상 | BK99: 45992 | BL99: =DATEDIF(BK99,$BL$9,"m")+1 -> 10
A100: 제품 | B100: EEL126001 | C100: 핀카 미니어처 인형 베딩_옐로우 | D100: 0 | E100: 0 | F100: 0 | G100: 0 | H100: 0 | I100: 0 | J100: 1000 | K100: 7000 | L100: 7000000 | M100: 0 | N100: 0 | O100: 0 | P100: 0 | Q100: 0 | R100: 0 | S100: 1000 | T100: 7000 | U100: 7000000 | V100: 72 | W100: 7000 | X100: 504000 | Y100: 0 | Z100: 0 | AA100: 0 | AB100: 7 | AC100: 7000 | AD100: 49000 | AE100: 0 | AF100: 0 | AG100: 0 | AH100: 79 | AI100: 7000 | AJ100: 553000 | AK100: 921 | AL100: 7000 | AM100: 6447000 | AN100: =AM100/$AM$4 -> 0.00061010618 | AO100: =IF(ISERROR(AK100/(D100+S100)),,(AK100/(D100+S100))) -> 0.921 | AP100: 정상 | AQ100: 제품 | AR100: =IF($AP100="악성",$AM100,0) -> 0 | AS100: =IF($AP100="부진",$AM100,0) -> 0 | AT100: =IF($AP100="정상",$AM100,0) -> 6447000 | AU100: =SUM(AR100:AT100) -> 6447000 | AV100: =IF(+BB100*$AL100=0,"",+BB100*$AL100) -> 6447000 | AW100: =IF(+BC100*$AL100=0,"",+BC100*$AL100) | AX100: =IF(+BD100*$AL100=0,"",+BD100*$AL100) | AY100: =IF(+BE100*$AL100=0,"",+BE100*$AL100) | AZ100: =IF(+BF100*$AL100=0,"",+BF100*$AL100) | BB100: 921 | BC100: 0 | BD100: 0 | BE100: 0 | BF100: 0 | BG100: =+SUM(BB100:BF100) -> 921 | BH100: =BG100-AK100 -> 0 | BI100: =IFERROR(IF(ROUND(V100/((D100+AK100)/2),1)<0,0,ROUND(V100/((D100+AK100)/2),1)),0) -> 0.2 | BJ100: =IF(AK100=0,"정상",IF(AP100="악성","악성",IF(AND(BL100>3,BI100<0.5),"악성",IF(AND(AP100="정상",BL100<=3),"정상",IF(BI100>1,"정상","부진"))))) -> 정상 | BK100: 46235 | BL100: =DATEDIF(BK100,$BL$9,"m")+1 -> 2
A101: 제품 | B101: EEL126002 | C101: 핀카 미니어처 인형 베딩_퍼플 | D101: 0 | E101: 0 | F101: 0 | G101: 0 | H101: 0 | I101: 0 | J101: 1000 | K101: 7000 | L101: 7000000 | M101: 0 | N101: 0 | O101: 0 | P101: 0 | Q101: 0 | R101: 0 | S101: 1000 | T101: 7000 | U101: 7000000 | V101: 88 | W101: 7000 | X101: 616000 | Y101: 0 | Z101: 0 | AA101: 0 | AB101: 3 | AC101: 7000 | AD101: 21000 | AE101: 0 | AF101: 0 | AG101: 0 | AH101: 91 | AI101: 7000 | AJ101: 637000 | AK101: 909 | AL101: 7000 | AM101: 6363000 | AN101: =AM101/$AM$4 -> 0.00060215691 | AO101: =IF(ISERROR(AK101/(D101+S101)),,(AK101/(D101+S101))) -> 0.909 | AP101: 정상 | AQ101: =A101 -> 제품 | AR101: =IF($AP101="악성",$AM101,0) -> 0 | AS101: =IF($AP101="부진",$AM101,0) -> 0 | AT101: =IF($AP101="정상",$AM101,0) -> 6363000 | AU101: =SUM(AR101:AT101) -> 6363000 | AV101: =IF(+BB101*$AL101=0,"",+BB101*$AL101) -> 6363000 | AW101: =IF(+BC101*$AL101=0,"",+BC101*$AL101) | AX101: =IF(+BD101*$AL101=0,"",+BD101*$AL101) | AY101: =IF(+BE101*$AL101=0,"",+BE101*$AL101) | AZ101: =IF(+BF101*$AL101=0,"",+BF101*$AL101) | BB101: 909 | BC101: 0 | BD101: 0 | BE101: 0 | BF101: 0 | BG101: =+SUM(BB101:BF101) -> 909 | BH101: =BG101-AK101 -> 0 | BI101: =IFERROR(IF(ROUND(V101/((D101+AK101)/2),1)<0,0,ROUND(V101/((D101+AK101)/2),1)),0) -> 0.2 | BJ101: =IF(AK101=0,"정상",IF(AP101="악성","악성",IF(AND(BL101>3,BI101<0.5),"악성",IF(AND(AP101="정상",BL101<=3),"정상",IF(BI101>1,"정상","부진"))))) -> 정상 | BK101: 46235 | BL101: =DATEDIF(BK101,$BL$9,"m")+1 -> 2
A102: 제품 | B102: EEL126003 | C102: 핀카 미니어처 베이비 인형 베딩 키링_그린 | D102: 0 | E102: 0 | F102: 0 | G102: 0 | H102: 0 | I102: 0 | J102: 1000 | K102: 7000 | L102: 7000000 | M102: 0 | N102: 0 | O102: 0 | P102: 0 | Q102: 0 | R102: 0 | S102: 1000 | T102: 7000 | U102: 7000000 | V102: 132 | W102: 7000 | X102: 924000 | Y102: 0 | Z102: 0 | AA102: 0 | AB102: 6 | AC102: 7000 | AD102: 42000 | AE102: 0 | AF102: 0 | AG102: 0 | AH102: 138 | AI102: 7000 | AJ102: 966000 | AK102: 862 | AL102: 7000 | AM102: 6034000 | AN102: =AM102/$AM$4 -> 0.00057102229 | AO102: =IF(ISERROR(AK102/(D102+S102)),,(AK102/(D102+S102))) -> 0.862 | AP102: 정상 | AQ102: =A102 -> 제품 | AR102: =IF($AP102="악성",$AM102,0) -> 0 | AS102: =IF($AP102="부진",$AM102,0) -> 0 | AT102: =IF($AP102="정상",$AM102,0) -> 6034000 | AU102: =SUM(AR102:AT102) -> 6034000 | AV102: =IF(+BB102*$AL102=0,"",+BB102*$AL102) -> 6034000 | AW102: =IF(+BC102*$AL102=0,"",+BC102*$AL102) | AX102: =IF(+BD102*$AL102=0,"",+BD102*$AL102) | AY102: =IF(+BE102*$AL102=0,"",+BE102*$AL102) | AZ102: =IF(+BF102*$AL102=0,"",+BF102*$AL102) | BB102: 862 | BC102: 0 | BD102: 0 | BE102: 0 | BF102: 0 | BG102: =+SUM(BB102:BF102) -> 862 | BH102: =BG102-AK102 -> 0 | BI102: =IFERROR(IF(ROUND(V102/((D102+AK102)/2),1)<0,0,ROUND(V102/((D102+AK102)/2),1)),0) -> 0.3 | BJ102: =IF(AK102=0,"정상",IF(AP102="악성","악성",IF(AND(BL102>3,BI102<0.5),"악성",IF(AND(AP102="정상",BL102<=3),"정상",IF(BI102>1,"정상","부진"))))) -> 정상 | BK102: 46235 | BL102: =DATEDIF(BK102,$BL$9,"m")+1 -> 2
A103: 제품 | B103: EEL126004 | C103: 핀카 미니어처 베이비 인형 베딩 키링_레드 | D103: 0 | E103: 0 | F103: 0 | G103: 0 | H103: 0 | I103: 0 | J103: 1000 | K103: 7000 | L103: 7000000 | M103: 0 | N103: 0 | O103: 0 | P103: 0 | Q103: 0 | R103: 0 | S103: 1000 | T103: 7000 | U103: 7000000 | V103: 220 | W103: 7000 | X103: 1540000 | Y103: 0 | Z103: 0 | AA103: 0 | AB103: 10 | AC103: 7000 | AD103: 70000 | AE103: 0 | AF103: 0 | AG103: 0 | AH103: 230 | AI103: 7000 | AJ103: 1610000 | AK103: 770 | AL103: 7000 | AM103: 5390000 | AN103: =AM103/$AM$4 -> 0.00051007791 | AO103: =IF(ISERROR(AK103/(D103+S103)),,(AK103/(D103+S103))) -> 0.77 | AP103: 정상 | AQ103: =A103 -> 제품 | AR103: =IF($AP103="악성",$AM103,0) -> 0 | AS103: =IF($AP103="부진",$AM103,0) -> 0 | AT103: =IF($AP103="정상",$AM103,0) -> 5390000 | AU103: =SUM(AR103:AT103) -> 5390000 | AV103: =IF(+BB103*$AL103=0,"",+BB103*$AL103) -> 5390000 | AW103: =IF(+BC103*$AL103=0,"",+BC103*$AL103) | AX103: =IF(+BD103*$AL103=0,"",+BD103*$AL103) | AY103: =IF(+BE103*$AL103=0,"",+BE103*$AL103) | AZ103: =IF(+BF103*$AL103=0,"",+BF103*$AL103) | BB103: 770 | BC103: 0 | BD103: 0 | BE103: 0 | BF103: 0 | BG103: =+SUM(BB103:BF103) -> 770 | BH103: =BG103-AK103 -> 0 | BI103: =IFERROR(IF(ROUND(V103/((D103+AK103)/2),1)<0,0,ROUND(V103/((D103+AK103)/2),1)),0) -> 0.6 | BJ103: =IF(AK103=0,"정상",IF(AP103="악성","악성",IF(AND(BL103>3,BI103<0.5),"악성",IF(AND(AP103="정상",BL103<=3),"정상",IF(BI103>1,"정상","부진"))))) -> 정상 | BK103: 46235 | BL103: =DATEDIF(BK103,$BL$9,"m")+1 -> 2
A104: 제품 | B104: EEP109002 | C104: [기타] 마마신과 용감한 해녀 (구간) | D104: 0 | E104: 0 | F104: 0 | G104: 0 | H104: 0 | I104: 0 | J104: 0 | K104: 0 | L104: 0 | M104: 0 | N104: 0 | O104: 0 | P104: 0 | Q104: 0 | R104: 0 | S104: 0 | T104: 0 | U104: 0 | V104: -1 | W104: 1081 | X104: -1081 | Y104: 0 | Z104: 0 | AA104: 0 | AB104: 1 | AC104: 1081 | AD104: 1081 | AE104: 0 | AF104: 0 | AG104: 0 | AH104: 0 | AI104: 0 | AJ104: 0 | AK104: 0 | AL104: 0 | AM104: 0 | AN104: =AM104/$AM$4 -> 0 | AO104: =IF(ISERROR(AK104/(D104+S104)),,(AK104/(D104+S104))) -> 0 | AP104: 악성 | AQ104: =A104 -> 제품 | AR104: =IF($AP104="악성",$AM104,0) -> 0 | AS104: =IF($AP104="부진",$AM104,0) -> 0 | AT104: =IF($AP104="정상",$AM104,0) -> 0 | AU104: =SUM(AR104:AT104) -> 0 | AV104: =IF(+BB104*$AL104=0,"",+BB104*$AL104) | AW104: =IF(+BC104*$AL104=0,"",+BC104*$AL104) | AX104: =IF(+BD104*$AL104=0,"",+BD104*$AL104) | AY104: =IF(+BE104*$AL104=0,"",+BE104*$AL104) | AZ104: =IF(+BF104*$AL104=0,"",+BF104*$AL104) | BB104: 0 | BC104: 0 | BD104: 0 | BE104: 0 | BF104: 0 | BG104: =+SUM(BB104:BF104) -> 0 | BH104: =BG104-AK104 -> 0 | BI104: =IFERROR(IF(ROUND(V104/((D104+AK104)/2),1)<0,0,ROUND(V104/((D104+AK104)/2),1)),0) -> 0 | BJ104: =IF(AK104=0,"정상",IF(AP104="악성","악성",IF(AND(BL104>3,BI104<0.5),"악성",IF(AND(AP104="정상",BL104<=3),"정상",IF(BI104>1,"정상","부진"))))) -> 정상 | BK104: 41275 | BL104: =DATEDIF(BK104,$BL$9,"m")+1 -> 165
A105: 제품 | B105: EEP109003 | C105: 스트로베리 스티커 색칠북 (구간) | D105: 0 | E105: 0 | F105: 0 | G105: 0 | H105: 0 | I105: 0 | J105: 0 | K105: 0 | L105: 0 | M105: 0 | N105: 0 | O105: 0 | P105: 0 | Q105: 0 | R105: 0 | S105: 0 | T105: 0 | U105: 0 | V105: -1 | W105: 1244 | X105: -1244 | Y105: 0 | Z105: 0 | AA105: 0 | AB105: 1 | AC105: 1244 | AD105: 1244 | AE105: 0 | AF105: 0 | AG105: 0 | AH105: 0 | AI105: 0 | AJ105: 0 | AK105: 0 | AL105: 0 | AM105: 0 | AN105: =AM105/$AM$4 -> 0 | AO105: =IF(ISERROR(AK105/(D105+S105)),,(AK105/(D105+S105))) -> 0 | AP105: 악성 | AQ105: =A105 -> 제품 | AR105: =IF($AP105="악성",$AM105,0) -> 0 | AS105: =IF($AP105="부진",$AM105,0) -> 0 | AT105: =IF($AP105="정상",$AM105,0) -> 0 | AU105: =SUM(AR105:AT105) -> 0 | AV105: =IF(+BB105*$AL105=0,"",+BB105*$AL105) | AW105: =IF(+BC105*$AL105=0,"",+BC105*$AL105) | AX105: =IF(+BD105*$AL105=0,"",+BD105*$AL105) | AY105: =IF(+BE105*$AL105=0,"",+BE105*$AL105) | AZ105: =IF(+BF105*$AL105=0,"",+BF105*$AL105) | BB105: 0 | BC105: 0 | BD105: 0 | BE105: 0 | BF105: 0 | BG105: =+SUM(BB105:BF105) -> 0 | BH105: =BG105-AK105 -> 0 | BI105: =IFERROR(IF(ROUND(V105/((D105+AK105)/2),1)<0,0,ROUND(V105/((D105+AK105)/2),1)),0) -> 0 | BJ105: =IF(AK105=0,"정상",IF(AP105="악성","악성",IF(AND(BL105>3,BI105<0.5),"악성",IF(AND(AP105="정상",BL105<=3),"정상",IF(BI105>1,"정상","부진"))))) -> 정상 | BK105: 45901 | BL105: =DATEDIF(BK105,$BL$9,"m")+1 -> 13
A106: 제품 | B106: EEP110003 | C106: [기타] 사진으로 보는 과학 Q&A 궁금해? (구간) | D106: 0 | E106: 0 | F106: 0 | G106: 0 | H106: 0 | I106: 0 | J106: 0 | K106: 0 | L106: 0 | M106: 0 | N106: 0 | O106: 0 | P106: 0 | Q106: 0 | R106: 0 | S106: 0 | T106: 0 | U106: 0 | V106: -3 | W106: 3207.3333 | X106: -9622 | Y106: 0 | Z106: 0 | AA106: 0 | AB106: 3 | AC106: 3207.3333 | AD106: 9622 | AE106: 0 | AF106: 0 | AG106: 0 | AH106: 0 | AI106: 0 | AJ106: 0 | AK106: 0 | AL106: 0 | AM106: 0 | AN106: =AM106/$AM$4 -> 0 | AO106: =IF(ISERROR(AK106/(D106+S106)),,(AK106/(D106+S106))) -> 0 | AP106: 악성 | AQ106: =A106 -> 제품 | AR106: =IF($AP106="악성",$AM106,0) -> 0 | AS106: =IF($AP106="부진",$AM106,0) -> 0 | AT106: =IF($AP106="정상",$AM106,0) -> 0 | AU106: =SUM(AR106:AT106) -> 0 | AV106: =IF(+BB106*$AL106=0,"",+BB106*$AL106) | AW106: =IF(+BC106*$AL106=0,"",+BC106*$AL106) | AX106: =IF(+BD106*$AL106=0,"",+BD106*$AL106) | AY106: =IF(+BE106*$AL106=0,"",+BE106*$AL106) | AZ106: =IF(+BF106*$AL106=0,"",+BF106*$AL106) | BB106: 0 | BC106: 0 | BD106: 0 | BE106: 0 | BF106: 0 | BG106: =+SUM(BB106:BF106) -> 0 | BH106: =BG106-AK106 -> 0 | BI106: =IFERROR(IF(ROUND(V106/((D106+AK106)/2),1)<0,0,ROUND(V106/((D106+AK106)/2),1)),0) -> 0 | BJ106: =IF(AK106=0,"정상",IF(AP106="악성","악성",IF(AND(BL106>3,BI106<0.5),"악성",IF(AND(AP106="정상",BL106<=3),"정상",IF(BI106>1,"정상","부진"))))) -> 정상 | BK106: 41275 | BL106: =DATEDIF(BK106,$BL$9,"m")+1 -> 165
A107: 제품 | B107: EEP112002 | C107: [기타] 내가 누구게? 내 몸을 찾아봐 (구간) | D107: 0 | E107: 0 | F107: 0 | G107: 0 | H107: 0 | I107: 0 | J107: 0 | K107: 0 | L107: 0 | M107: 0 | N107: 0 | O107: 0 | P107: 0 | Q107: 0 | R107: 0 | S107: 0 | T107: 0 | U107: 0 | V107: -1 | W107: 1800 | X107: -1800 | Y107: 0 | Z107: 0 | AA107: 0 | AB107: 0 | AC107: 0 | AD107: 0 | AE107: 0 | AF107: 0 | AG107: 0 | AH107: -1 | AI107: 1800 | AJ107: -1800 | AK107: 1 | AL107: 1800 | AM107: 1800 | AN107: =AM107/$AM$4 -> 1.7034142e-07 | AO107: =IF(ISERROR(AK107/(D107+S107)),,(AK107/(D107+S107))) -> 0 | AP107: 악성 | AQ107: =A107 -> 제품 | AR107: =IF($AP107="악성",$AM107,0) -> 1800 | AS107: =IF($AP107="부진",$AM107,0) -> 0 | AT107: =IF($AP107="정상",$AM107,0) -> 0 | AU107: =SUM(AR107:AT107) -> 1800 | AV107: =IF(+BB107*$AL107=0,"",+BB107*$AL107) -> 1800 | AW107: =IF(+BC107*$AL107=0,"",+BC107*$AL107) | AX107: =IF(+BD107*$AL107=0,"",+BD107*$AL107) | AY107: =IF(+BE107*$AL107=0,"",+BE107*$AL107) | AZ107: =IF(+BF107*$AL107=0,"",+BF107*$AL107) | BB107: 1 | BC107: 0 | BD107: 0 | BE107: 0 | BF107: 0 | BG107: =+SUM(BB107:BF107) -> 1 | BH107: =BG107-AK107 -> 0 | BI107: =IFERROR(IF(ROUND(V107/((D107+AK107)/2),1)<0,0,ROUND(V107/((D107+AK107)/2),1)),0) -> 0 | BJ107: =IF(AK107=0,"정상",IF(AP107="악성","악성",IF(AND(BL107>3,BI107<0.5),"악성",IF(AND(AP107="정상",BL107<=3),"정상",IF(BI107>1,"정상","부진"))))) -> 악성 | BK107: 41275 | BL107: =DATEDIF(BK107,$BL$9,"m")+1 -> 165
A108: 제품 | B108: EEP112003 | C108: [기타] 내가 누구게? 내 발을 찾아봐 (구간) | D108: 0 | E108: 0 | F108: 0 | G108: 0 | H108: 0 | I108: 0 | J108: 0 | K108: 0 | L108: 0 | M108: 0 | N108: 0 | O108: 0 | P108: 0 | Q108: 0 | R108: 0 | S108: 0 | T108: 0 | U108: 0 | V108: -1 | W108: 1800 | X108: -1800 | Y108: 0 | Z108: 0 | AA108: 0 | AB108: 0 | AC108: 0 | AD108: 0 | AE108: 0 | AF108: 0 | AG108: 0 | AH108: -1 | AI108: 1800 | AJ108: -1800 | AK108: 1 | AL108: 1800 | AM108: 1800 | AN108: =AM108/$AM$4 -> 1.7034142e-07 | AO108: =IF(ISERROR(AK108/(D108+S108)),,(AK108/(D108+S108))) -> 0 | AP108: 악성 | AQ108: =A108 -> 제품 | AR108: =IF($AP108="악성",$AM108,0) -> 1800 | AS108: =IF($AP108="부진",$AM108,0) -> 0 | AT108: =IF($AP108="정상",$AM108,0) -> 0 | AU108: =SUM(AR108:AT108) -> 1800 | AV108: =IF(+BB108*$AL108=0,"",+BB108*$AL108) -> 1800 | AW108: =IF(+BC108*$AL108=0,"",+BC108*$AL108) | AX108: =IF(+BD108*$AL108=0,"",+BD108*$AL108) | AY108: =IF(+BE108*$AL108=0,"",+BE108*$AL108) | AZ108: =IF(+BF108*$AL108=0,"",+BF108*$AL108) | BB108: 1 | BC108: 0 | BD108: 0 | BE108: 0 | BF108: 0 | BG108: =+SUM(BB108:BF108) -> 1 | BH108: =BG108-AK108 -> 0 | BI108: =IFERROR(IF(ROUND(V108/((D108+AK108)/2),1)<0,0,ROUND(V108/((D108+AK108)/2),1)),0) -> 0 | BJ108: =IF(AK108=0,"정상",IF(AP108="악성","악성",IF(AND(BL108>3,BI108<0.5),"악성",IF(AND(AP108="정상",BL108<=3),"정상",IF(BI108>1,"정상","부진"))))) -> 악성 | BK108: 41275 | BL108: =DATEDIF(BK108,$BL$9,"m")+1 -> 165
A109: 제품 | B109: EEP112006 | C109: [기타] 7마리 아기곰의 숨바꼭질 (구간) | D109: 0 | E109: 0 | F109: 0 | G109: 0 | H109: 0 | I109: 0 | J109: 0 | K109: 0 | L109: 0 | M109: 0 | N109: 0 | O109: 0 | P109: 0 | Q109: 0 | R109: 0 | S109: 0 | T109: 0 | U109: 0 | V109: -3 | W109: 1278.3333 | X109: -3835 | Y109: 0 | Z109: 0 | AA109: 0 | AB109: 3 | AC109: 1278.3333 | AD109: 3835 | AE109: 0 | AF109: 0 | AG109: 0 | AH109: 0 | AI109: 0 | AJ109: 0 | AK109: 0 | AL109: 0 | AM109: 0 | AN109: =AM109/$AM$4 -> 0 | AO109: =IF(ISERROR(AK109/(D109+S109)),,(AK109/(D109+S109))) -> 0 | AP109: 악성 | AQ109: =A109 -> 제품 | AR109: =IF($AP109="악성",$AM109,0) -> 0 | AS109: =IF($AP109="부진",$AM109,0) -> 0 | AT109: =IF($AP109="정상",$AM109,0) -> 0 | AU109: =SUM(AR109:AT109) -> 0 | AV109: =IF(+BB109*$AL109=0,"",+BB109*$AL109) | AW109: =IF(+BC109*$AL109=0,"",+BC109*$AL109) | AX109: =IF(+BD109*$AL109=0,"",+BD109*$AL109) | AY109: =IF(+BE109*$AL109=0,"",+BE109*$AL109) | AZ109: =IF(+BF109*$AL109=0,"",+BF109*$AL109) | BB109: 0 | BC109: 0 | BD109: 0 | BE109: 0 | BF109: 0 | BG109: =+SUM(BB109:BF109) -> 0 | BH109: =BG109-AK109 -> 0 | BI109: =IFERROR(IF(ROUND(V109/((D109+AK109)/2),1)<0,0,ROUND(V109/((D109+AK109)/2),1)),0) -> 0 | BJ109: =IF(AK109=0,"정상",IF(AP109="악성","악성",IF(AND(BL109>3,BI109<0.5),"악성",IF(AND(AP109="정상",BL109<=3),"정상",IF(BI109>1,"정상","부진"))))) -> 정상 | BK109: 41244 | BL109: =DATEDIF(BK109,$BL$9,"m")+1 -> 166
A110: 제품 | B110: EEP123001 | C110: 버섯도리 버섯탐정 1 | D110: 1532 | E110: 2656.09 | F110: 4069128 | G110: 0 | H110: 0 | I110: 0 | J110: 0 | K110: 0 | L110: 0 | M110: 0 | N110: 0 | O110: 0 | P110: 0 | Q110: 0 | R110: 0 | S110: 0 | T110: 0 | U110: 0 | V110: 1500 | W110: 2655.5167 | X110: 3983275 | Y110: 0 | Z110: 0 | AA110: 0 | AB110: 30 | AC110: 2677.5667 | AD110: 80327 | AE110: 0 | AF110: 0 | AG110: 0 | AH110: 1530 | AI110: 2655.949 | AJ110: 4063602 | AK110: 2 | AL110: 2763 | AM110: 5526 | AN110: =AM110/$AM$4 -> 5.2294815e-07 | AO110: =IF(ISERROR(AK110/(D110+S110)),,(AK110/(D110+S110))) -> 0.001305483 | AP110: 부진 | AQ110: =A110 -> 제품 | AR110: =IF($AP110="악성",$AM110,0) -> 0 | AS110: =IF($AP110="부진",$AM110,0) -> 5526 | AT110: =IF($AP110="정상",$AM110,0) -> 0 | AU110: =SUM(AR110:AT110) -> 5526 | AV110: =IF(+BB110*$AL110=0,"",+BB110*$AL110) -> 5526 | AW110: =IF(+BC110*$AL110=0,"",+BC110*$AL110) | AX110: =IF(+BD110*$AL110=0,"",+BD110*$AL110) | AY110: =IF(+BE110*$AL110=0,"",+BE110*$AL110) | AZ110: =IF(+BF110*$AL110=0,"",+BF110*$AL110) | BB110: 2 | BC110: 0 | BD110: 0 | BE110: 0 | BF110: 0 | BG110: =+SUM(BB110:BF110) -> 2 | BH110: =BG110-AK110 -> 0 | BI110: =IFERROR(IF(ROUND(V110/((D110+AK110)/2),1)<0,0,ROUND(V110/((D110+AK110)/2),1)),0) -> 2 | BJ110: =IF(AK110=0,"정상",IF(AP110="악성","악성",IF(AND(BL110>3,BI110<0.5),"악성",IF(AND(AP110="정상",BL110<=3),"정상",IF(BI110>1,"정상","부진"))))) -> 정상 | BK110: 45200 | BL110: =DATEDIF(BK110,$BL$9,"m")+1 -> 36
A111: 제품 | B111: EEP124001 | C111: 버섯도리 버섯탐정 2 | D111: 1844 | E111: 2638.4698 | F111: 4865338 | G111: 0 | H111: 0 | I111: 0 | J111: 0 | K111: 0 | L111: 0 | M111: 1 | N111: 2638 | O111: 2638 | P111: 0 | Q111: 0 | R111: 0 | S111: 1 | T111: 2638 | U111: 2638 | V111: 1754 | W111: 2638.4721 | X111: 4627880 | Y111: 0 | Z111: 0 | AA111: 0 | AB111: 54 | AC111: 2638.5185 | AD111: 142480 | AE111: 0 | AF111: 0 | AG111: 0 | AH111: 1808 | AI111: 2638.4735 | AJ111: 4770360 | AK111: 37 | AL111: 2638.303 | AM111: 97616 | AN111: =AM111/$AM$4 -> 9.2378043e-06 | AO111: =IF(ISERROR(AK111/(D111+S111)),,(AK111/(D111+S111))) -> 0.020054201 | AP111: 부진 | AQ111: =A111 -> 제품 | AR111: =IF($AP111="악성",$AM111,0) -> 0 | AS111: =IF($AP111="부진",$AM111,0) -> 97616 | AT111: =IF($AP111="정상",$AM111,0) -> 0 | AU111: =SUM(AR111:AT111) -> 97616 | AV111: =IF(+BB111*$AL111=0,"",+BB111*$AL111) -> 97617.211 | AW111: =IF(+BC111*$AL111=0,"",+BC111*$AL111) | AX111: =IF(+BD111*$AL111=0,"",+BD111*$AL111) | AY111: =IF(+BE111*$AL111=0,"",+BE111*$AL111) | AZ111: =IF(+BF111*$AL111=0,"",+BF111*$AL111) | BB111: 37 | BC111: 0 | BD111: 0 | BE111: 0 | BF111: 0 | BG111: =+SUM(BB111:BF111) -> 37 | BH111: =BG111-AK111 -> 0 | BI111: =IFERROR(IF(ROUND(V111/((D111+AK111)/2),1)<0,0,ROUND(V111/((D111+AK111)/2),1)),0) -> 1.9 | BJ111: =IF(AK111=0,"정상",IF(AP111="악성","악성",IF(AND(BL111>3,BI111<0.5),"악성",IF(AND(AP111="정상",BL111<=3),"정상",IF(BI111>1,"정상","부진"))))) -> 정상 | BK111: 45323 | BL111: =DATEDIF(BK111,$BL$9,"m")+1 -> 32
A112: 제품 | B112: EEP124002 | C112: 전천당 종이 스퀴시 띠부놀이 | D112: 1455 | E112: 2148.6875 | F112: 3126340 | G112: 0 | H112: 0 | I112: 0 | J112: 0 | K112: 0 | L112: 0 | M112: 0 | N112: 0 | O112: 0 | P112: 0 | Q112: 0 | R112: 0 | S112: 0 | T112: 0 | U112: 0 | V112: 360 | W112: 2148.8333 | X112: 773580 | Y112: 0 | Z112: 0 | AA112: 0 | AB112: 1054 | AC112: 2148.6641 | AD112: 2264692 | AE112: 0 | AF112: 0 | AG112: 0 | AH112: 1414 | AI112: 2148.7072 | AJ112: 3038272 | AK112: 41 | AL112: 2148 | AM112: 88068 | AN112: =AM112/$AM$4 -> 8.3342378e-06 | AO112: =IF(ISERROR(AK112/(D112+S112)),,(AK112/(D112+S112))) -> 0.028178694 | AP112: 부진 | AQ112: =A112 -> 제품 | AR112: =IF($AP112="악성",$AM112,0) -> 0 | AS112: =IF($AP112="부진",$AM112,0) -> 88068 | AT112: =IF($AP112="정상",$AM112,0) -> 0 | AU112: =SUM(AR112:AT112) -> 88068 | AV112: =IF(+BB112*$AL112=0,"",+BB112*$AL112) -> 88068 | AW112: =IF(+BC112*$AL112=0,"",+BC112*$AL112) | AX112: =IF(+BD112*$AL112=0,"",+BD112*$AL112) | AY112: =IF(+BE112*$AL112=0,"",+BE112*$AL112) | AZ112: =IF(+BF112*$AL112=0,"",+BF112*$AL112) | BB112: 41 | BC112: 0 | BD112: 0 | BE112: 0 | BF112: 0 | BG112: =+SUM(BB112:BF112) -> 41 | BH112: =BG112-AK112 -> 0 | BI112: =IFERROR(IF(ROUND(V112/((D112+AK112)/2),1)<0,0,ROUND(V112/((D112+AK112)/2),1)),0) -> 0.5 | BJ112: =IF(AK112=0,"정상",IF(AP112="악성","악성",IF(AND(BL112>3,BI112<0.5),"악성",IF(AND(AP112="정상",BL112<=3),"정상",IF(BI112>1,"정상","부진"))))) -> 부진 | BK112: 45413 | BL112: =DATEDIF(BK112,$BL$9,"m")+1 -> 29
... A291: 제품 | B291: PRF124005 | C291: 뽀로로PET 딸기 6입 | D291: 0 | E291: 0 | F291: 0 | G291: 5424816 | H291: 366.05943 | I291: 1985805072 | J291: 0 | K291: 0 | L291: 0 | M291: 0 | N291: 0 | O291: 0 | P291: 0 | Q291: 0 | R291: 0 | S291: 5424816 | T291: 366.05943 | U291: 1985805072 | V291: 5424816 | W291: 366.05943 | X291: 1985805072 | Y291: 0 | Z291: 0 | AA291: 0 | AB291: 0 | AC291: 0 | AD291: 0 | AE291: 0 | AF291: 0 | AG291: 0 | AH291: 5424816 | AI291: 366.05943 | AJ291: 1985805072 | AK291: 0 | AL291: 0 | AM291: 0 | AN291: =AM291/$AM$4 -> 0 | AO291: =IF(ISERROR(AK291/(D291+S291)),,(AK291/(D291+S291))) -> 0 | AP291: 정상 | AQ291: =A291 -> 제품 | AR291: =IF($AP291="악성",$AM291,0) -> 0 | AS291: =IF($AP291="부진",$AM291,0) -> 0 | AT291: =IF($AP291="정상",$AM291,0) -> 0 | AU291: =SUM(AR291:AT291) -> 0 | AV291: =IF(+BB291*$AL291=0,"",+BB291*$AL291) | AW291: =IF(+BC291*$AL291=0,"",+BC291*$AL291) | AX291: =IF(+BD291*$AL291=0,"",+BD291*$AL291) | AY291: =IF(+BE291*$AL291=0,"",+BE291*$AL291) | AZ291: =IF(+BF291*$AL291=0,"",+BF291*$AL291) | BB291: 0 | BC291: 0 | BD291: 0 | BE291: 0 | BF291: 0 | BG291: =+SUM(BB291:BF291) -> 0 | BH291: =BG291-AK291 -> 0 | BI291: =IFERROR(IF(ROUND(V291/((D291+AK291)/2),1)<0,0,ROUND(V291/((D291+AK291)/2),1)),0) -> 0 | BJ291: =IF(AK291=0,"정상",IF(AP291="악성","악성",IF(AND(BL291>3,BI291<0.5),"악성",IF(AND(AP291="정상",BL291<=3),"정상",IF(BI291>1,"정상","부진"))))) -> 정상 | BK291: 46266 | BL291: =DATEDIF(BK291,$BL$9,"m")+1 -> 1
A292: 제품 | B292: PRF124006 | C292: 뽀로로PET 밀크 6입 | D292: 0 | E292: 0 | F292: 0 | G292: 7958880 | H292: 362.68961 | I292: 2886603096 | J292: 0 | K292: 0 | L292: 0 | M292: 0 | N292: 0 | O292: 0 | P292: 0 | Q292: 0 | R292: 0 | S292: 7958880 | T292: 362.68961 | U292: 2886603096 | V292: 7958880 | W292: 362.68961 | X292: 2886603096 | Y292: 0 | Z292: 0 | AA292: 0 | AB292: 0 | AC292: 0 | AD292: 0 | AE292: 0 | AF292: 0 | AG292: 0 | AH292: 7958880 | AI292: 362.68961 | AJ292: 2886603096 | AK292: 0 | AL292: 0 | AM292: 0 | AN292: =AM292/$AM$4 -> 0 | AO292: =IF(ISERROR(AK292/(D292+S292)),,(AK292/(D292+S292))) -> 0 | AP292: 정상 | AQ292: 제품 | AR292: =IF($AP292="악성",$AM292,0) -> 0 | AS292: =IF($AP292="부진",$AM292,0) -> 0 | AT292: =IF($AP292="정상",$AM292,0) -> 0 | AU292: =SUM(AR292:AT292) -> 0 | AV292: =IF(+BB292*$AL292=0,"",+BB292*$AL292) | AW292: =IF(+BC292*$AL292=0,"",+BC292*$AL292) | AX292: =IF(+BD292*$AL292=0,"",+BD292*$AL292) | AY292: =IF(+BE292*$AL292=0,"",+BE292*$AL292) | AZ292: =IF(+BF292*$AL292=0,"",+BF292*$AL292) | BB292: 0 | BC292: 0 | BD292: 0 | BE292: 0 | BF292: 0 | BG292: =+SUM(BB292:BF292) -> 0 | BH292: =BG292-AK292 -> 0 | BI292: =IFERROR(IF(ROUND(V292/((D292+AK292)/2),1)<0,0,ROUND(V292/((D292+AK292)/2),1)),0) -> 0 | BJ292: =IF(AK292=0,"정상",IF(AP292="악성","악성",IF(AND(BL292>3,BI292<0.5),"악성",IF(AND(AP292="정상",BL292<=3),"정상",IF(BI292>1,"정상","부진"))))) -> 정상 | BK292: 46266 | BL292: =DATEDIF(BK292,$BL$9,"m")+1 -> 1
A293: 제품 | B293: PRF124009 | C293: 뽀로로PET 사과 6입 | D293: 0 | E293: 0 | F293: 0 | G293: 2283216 | H293: 368.84881 | I293: 842161512 | J293: 0 | K293: 0 | L293: 0 | M293: 0 | N293: 0 | O293: 0 | P293: 0 | Q293: 0 | R293: 0 | S293: 2283216 | T293: 368.84881 | U293: 842161512 | V293: 2283216 | W293: 368.84881 | X293: 842161512 | Y293: 0 | Z293: 0 | AA293: 0 | AB293: 0 | AC293: 0 | AD293: 0 | AE293: 0 | AF293: 0 | AG293: 0 | AH293: 2283216 | AI293: 368.84881 | AJ293: 842161512 | AK293: 0 | AL293: 0 | AM293: 0 | AN293: =AM293/$AM$4 -> 0 | AO293: =IF(ISERROR(AK293/(D293+S293)),,(AK293/(D293+S293))) -> 0 | AP293: 정상 | AQ293: 제품 | AR293: =IF($AP293="악성",$AM293,0) -> 0 | AS293: =IF($AP293="부진",$AM293,0) -> 0 | AT293: =IF($AP293="정상",$AM293,0) -> 0 | AU293: =SUM(AR293:AT293) -> 0 | AV293: =IF(+BB293*$AL293=0,"",+BB293*$AL293) | AW293: =IF(+BC293*$AL293=0,"",+BC293*$AL293) | AX293: =IF(+BD293*$AL293=0,"",+BD293*$AL293) | AY293: =IF(+BE293*$AL293=0,"",+BE293*$AL293) | AZ293: =IF(+BF293*$AL293=0,"",+BF293*$AL293) | BB293: 0 | BC293: 0 | BD293: 0 | BE293: 0 | BF293: 0 | BG293: =+SUM(BB293:BF293) -> 0 | BH293: =BG293-AK293 -> 0 | BI293: =IFERROR(IF(ROUND(V293/((D293+AK293)/2),1)<0,0,ROUND(V293/((D293+AK293)/2),1)),0) -> 0 | BJ293: =IF(AK293=0,"정상",IF(AP293="악성","악성",IF(AND(BL293>3,BI293<0.5),"악성",IF(AND(AP293="정상",BL293<=3),"정상",IF(BI293>1,"정상","부진"))))) -> 정상 | BK293: 46235 | BL293: =DATEDIF(BK293,$BL$9,"m")+1 -> 2
A294: 제품 | B294: PRF124010 | C294: 뽀로로PET 샤인머스캣 | D294: 0 | E294: 0 | F294: 0 | G294: 3116928 | H294: 332.44096 | I294: 1036194535 | J294: 0 | K294: 0 | L294: 0 | M294: 0 | N294: 0 | O294: 0 | P294: 0 | Q294: 0 | R294: 0 | S294: 3116928 | T294: 332.44096 | U294: 1036194535 | V294: 3116928 | W294: 332.44096 | X294: 1036194535 | Y294: 0 | Z294: 0 | AA294: 0 | AB294: 0 | AC294: 0 | AD294: 0 | AE294: 0 | AF294: 0 | AG294: 0 | AH294: 3116928 | AI294: 332.44096 | AJ294: 1036194535 | AK294: 0 | AL294: 0 | AM294: 0 | AN294: =AM294/$AM$4 -> 0 | AO294: =IF(ISERROR(AK294/(D294+S294)),,(AK294/(D294+S294))) -> 0 | AP294: 정상 | AQ294: 제품 | AR294: =IF($AP294="악성",$AM294,0) -> 0 | AS294: =IF($AP294="부진",$AM294,0) -> 0 | AT294: =IF($AP294="정상",$AM294,0) -> 0 | AU294: =SUM(AR294:AT294) -> 0 | AV294: =IF(+BB294*$AL294=0,"",+BB294*$AL294) | AW294: =IF(+BC294*$AL294=0,"",+BC294*$AL294) | AX294: =IF(+BD294*$AL294=0,"",+BD294*$AL294) | AY294: =IF(+BE294*$AL294=0,"",+BE294*$AL294) | AZ294: =IF(+BF294*$AL294=0,"",+BF294*$AL294) | BB294: 0 | BC294: 0 | BD294: 0 | BE294: 0 | BF294: 0 | BG294: =+SUM(BB294:BF294) -> 0 | BH294: =BG294-AK294 -> 0 | BI294: =IFERROR(IF(ROUND(V294/((D294+AK294)/2),1)<0,0,ROUND(V294/((D294+AK294)/2),1)),0) -> 0 | BJ294: =IF(AK294=0,"정상",IF(AP294="악성","악성",IF(AND(BL294>3,BI294<0.5),"악성",IF(AND(AP294="정상",BL294<=3),"정상",IF(BI294>1,"정상","부진"))))) -> 정상 | BK294: 46266 | BL294: =DATEDIF(BK294,$BL$9,"m")+1 -> 1
A295: 제품 | B295: PRF124011 | C295: 뽀로로PET 보리차 | D295: 0 | E295: 0 | F295: 0 | G295: 7916304 | H295: 267.16139 | I295: 2114930808 | J295: 0 | K295: 0 | L295: 0 | M295: 0 | N295: 0 | O295: 0 | P295: 0 | Q295: 0 | R295: 0 | S295: 7916304 | T295: 267.16139 | U295: 2114930808 | V295: 7916304 | W295: 267.16139 | X295: 2114930808 | Y295: 0 | Z295: 0 | AA295: 0 | AB295: 0 | AC295: 0 | AD295: 0 | AE295: 0 | AF295: 0 | AG295: 0 | AH295: 7916304 | AI295: 267.16139 | AJ295: 2114930808 | AK295: 0 | AL295: 0 | AM295: 0 | AN295: =AM295/$AM$4 -> 0 | AO295: =IF(ISERROR(AK295/(D295+S295)),,(AK295/(D295+S295))) -> 0 | AP295: 정상 | AQ295: 제품 | AR295: =IF($AP295="악성",$AM295,0) -> 0 | AS295: =IF($AP295="부진",$AM295,0) -> 0 | AT295: =IF($AP295="정상",$AM295,0) -> 0 | AU295: =SUM(AR295:AT295) -> 0 | AV295: =IF(+BB295*$AL295=0,"",+BB295*$AL295) | AW295: =IF(+BC295*$AL295=0,"",+BC295*$AL295) | AX295: =IF(+BD295*$AL295=0,"",+BD295*$AL295) | AY295: =IF(+BE295*$AL295=0,"",+BE295*$AL295) | AZ295: =IF(+BF295*$AL295=0,"",+BF295*$AL295) | BB295: 0 | BC295: 0 | BD295: 0 | BE295: 0 | BF295: 0 | BG295: =+SUM(BB295:BF295) -> 0 | BH295: =BG295-AK295 -> 0 | BI295: =IFERROR(IF(ROUND(V295/((D295+AK295)/2),1)<0,0,ROUND(V295/((D295+AK295)/2),1)),0) -> 0 | BJ295: =IF(AK295=0,"정상",IF(AP295="악성","악성",IF(AND(BL295>3,BI295<0.5),"악성",IF(AND(AP295="정상",BL295<=3),"정상",IF(BI295>1,"정상","부진"))))) -> 정상 | BK295: 46082 | BL295: =DATEDIF(BK295,$BL$9,"m")+1 -> 7
A296: 제품 | B296: PRF124012 | C296: 뽀로로PET 누룽지 | D296: 0 | E296: 0 | F296: 0 | G296: 943704 | H296: 275.60744 | I296: 260091840 | J296: 0 | K296: 0 | L296: 0 | M296: 0 | N296: 0 | O296: 0 | P296: 0 | Q296: 0 | R296: 0 | S296: 943704 | T296: 275.60744 | U296: 260091840 | V296: 943704 | W296: 275.60744 | X296: 260091840 | Y296: 0 | Z296: 0 | AA296: 0 | AB296: 0 | AC296: 0 | AD296: 0 | AE296: 0 | AF296: 0 | AG296: 0 | AH296: 943704 | AI296: 275.60744 | AJ296: 260091840 | AK296: 0 | AL296: 0 | AM296: 0 | AN296: =AM296/$AM$4 -> 0 | AO296: =IF(ISERROR(AK296/(D296+S296)),,(AK296/(D296+S296))) -> 0 | AP296: 정상 | AQ296: 제품 | AR296: =IF($AP296="악성",$AM296,0) -> 0 | AS296: =IF($AP296="부진",$AM296,0) -> 0 | AT296: =IF($AP296="정상",$AM296,0) -> 0 | AU296: =SUM(AR296:AT296) -> 0 | AV296: =IF(+BB296*$AL296=0,"",+BB296*$AL296) | AW296: =IF(+BC296*$AL296=0,"",+BC296*$AL296) | AX296: =IF(+BD296*$AL296=0,"",+BD296*$AL296) | AY296: =IF(+BE296*$AL296=0,"",+BE296*$AL296) | AZ296: =IF(+BF296*$AL296=0,"",+BF296*$AL296) | BB296: 0 | BC296: 0 | BD296: 0 | BE296: 0 | BF296: 0 | BG296: =+SUM(BB296:BF296) -> 0 | BH296: =BG296-AK296 -> 0 | BI296: =IFERROR(IF(ROUND(V296/((D296+AK296)/2),1)<0,0,ROUND(V296/((D296+AK296)/2),1)),0) -> 0 | BJ296: =IF(AK296=0,"정상",IF(AP296="악성","악성",IF(AND(BL296>3,BI296<0.5),"악성",IF(AND(AP296="정상",BL296<=3),"정상",IF(BI296>1,"정상","부진"))))) -> 정상 | BK296: 46235 | BL296: =DATEDIF(BK296,$BL$9,"m")+1 -> 2
A297: 제품 | B297: PRF124013 | C297: 뽀로로비타플러스 오렌지 | D297: 0 | E297: 0 | F297: 0 | G297: 59760 | H297: 232 | I297: 13864320 | J297: 0 | K297: 0 | L297: 0 | M297: 0 | N297: 0 | O297: 0 | P297: 0 | Q297: 0 | R297: 0 | S297: 59760 | T297: 232 | U297: 13864320 | V297: 59760 | W297: 232 | X297: 13864320 | Y297: 0 | Z297: 0 | AA297: 0 | AB297: 0 | AC297: 0 | AD297: 0 | AE297: 0 | AF297: 0 | AG297: 0 | AH297: 59760 | AI297: 232 | AJ297: 13864320 | AK297: 0 | AL297: 0 | AM297: 0 | AN297: =AM297/$AM$4 -> 0 | AO297: =IF(ISERROR(AK297/(D297+S297)),,(AK297/(D297+S297))) -> 0 | AP297: 정상 | AQ297: 제품 | AR297: =IF($AP297="악성",$AM297,0) -> 0 | AS297: =IF($AP297="부진",$AM297,0) -> 0 | AT297: =IF($AP297="정상",$AM297,0) -> 0 | AU297: =SUM(AR297:AT297) -> 0 | AV297: =IF(+BB297*$AL297=0,"",+BB297*$AL297) | AW297: =IF(+BC297*$AL297=0,"",+BC297*$AL297) | AX297: =IF(+BD297*$AL297=0,"",+BD297*$AL297) | AY297: =IF(+BE297*$AL297=0,"",+BE297*$AL297) | AZ297: =IF(+BF297*$AL297=0,"",+BF297*$AL297) | BB297: 0 | BC297: 0 | BD297: 0 | BE297: 0 | BF297: 0 | BG297: =+SUM(BB297:BF297) -> 0 | BH297: =BG297-AK297 -> 0 | BI297: =IFERROR(IF(ROUND(V297/((D297+AK297)/2),1)<0,0,ROUND(V297/((D297+AK297)/2),1)),0) -> 0 | BJ297: =IF(AK297=0,"정상",IF(AP297="악성","악성",IF(AND(BL297>3,BI297<0.5),"악성",IF(AND(AP297="정상",BL297<=3),"정상",IF(BI297>1,"정상","부진"))))) -> 정상 | BK297: 45839 | BL297: =DATEDIF(BK297,$BL$9,"m")+1 -> 15
...

Sheet 참고_재고분류기준
A1: 재고분류 기준
A3: 분류 | B3: 기말재고 | C3: 판단 조건 (입출고 및 회전율) | D3: 정의 및 현업 관리 방향
A4: 재고 없음 | B4: 무 | C4: 해당 없음 | D4: • 결품 상태 (매출 기회 손실 방지를 위해 필요 시 재발주 검토)
A5: (Out of Stock)
A6: 악성 재고 | B6: 유 | C6: 아래 조건 중 하나라도 해당 (OR) | D6: • 장기 정체 재고
A7: (Dead Stock) | C7: ① 최근 18개월 간 입·출고 실적이 전혀 없음 | D7: • 할인 판매, 반품, 폐기 등 즉시 검토 필요
C8: ② 최근 3개월간 입고 실적이 전혀 없음 AND 재고회전율 0.5 미만
A9: 정상 재고 | B9: 유 | C9: 아래 조건 중 하나라도 해당 (OR) | D9: • 원활하게 순환 중인 건강한 재고
A10: (Active Stock) | C10: ① 최근 3개월 이내 정상 입고 발생 | D10: • 적정 재고 수준 유지 및 지속 모니터링
C11: ② 재고회전율 1.0 초과
A12: 부진 재고 | B12: 유 | C12: 위의 세 가지 분류에 해당하지 않는 모든 재고 | D12: • 회전 속도가 떨어지기 시작한 주의 재고
A13: (Slow-moving) | C13: (예: 출고는 되나 회전율이 0.5 이상 ~ 1.0 이하인 경우) | D13: • 추가 발주 제한 검토 필요
A16: (*) 재고회전율 = 매출수량/((기초재고수랑+기말재고수량)/2)
